time,temp (C ),humidity(%)
48:55.8,26.5,64.2
52:20.9,26.6,64.5
53:20.9,26.5,64.8
00:35.4,26.5,64.72017-07-23 00:05:35.721707,26.6,64.7
2017-07-23 00:10:35.778879,26.5,64.8
2017-07-23 00:15:36.888142,26.3,65.1
2017-07-23 00:20:36.928614,26.3,65.3
2017-07-23 00:25:37.018569,26.1,65.9
2017-07-23 00:30:37.125728,26.0,66.9
2017-07-23 00:35:37.208352,25.8,67.6
2017-07-23 00:40:37.248390,25.8,68.2
2017-07-23 00:45:37.355385,25.8,68.5
2017-07-23 00:50:37.388187,25.7,69.0
2017-07-23 00:55:37.418306,25.6,69.4
2017-07-23 01:00:37.525306,25.6,69.9
2017-07-23 01:05:37.598655,25.5,70.2
2017-07-23 01:10:37.638134,25.5,70.5
2017-07-23 01:15:37.745299,25.3,71.7
2017-07-23 01:20:37.852198,25.3,71.8
2017-07-23 01:25:37.888140,25.4,72.0
2017-07-23 01:30:37.995204,25.4,72.1
2017-07-23 01:35:38.078270,25.4,72.2
2017-07-23 01:40:38.166942,25.3,72.2
2017-07-23 01:45:38.238378,25.3,71.9
2017-07-23 01:50:38.278299,25.4,71.9
2017-07-23 01:55:38.318242,25.3,71.9
2017-07-23 02:00:38.388074,25.3,71.9
2017-07-23 02:05:38.495193,25.3,72.0
2017-07-23 02:10:38.558837,25.2,72.0
2017-07-23 02:15:38.638289,25.2,72.1
2017-07-23 02:20:38.745511,25.2,72.1
2017-07-23 02:25:38.852523,25.2,72.2
2017-07-23 02:30:38.888163,25.2,72.3
2017-07-23 02:35:38.995211,25.2,72.4
2017-07-23 02:40:39.102173,25.2,72.4
2017-07-23 02:45:39.198309,25.1,72.4
2017-07-23 02:50:39.305313,25.2,72.4
2017-07-23 02:55:39.378279,25.1,72.4
2017-07-23 03:00:39.388261,25.1,72.4
2017-07-23 03:05:39.495380,25.1,72.5
2017-07-23 03:10:39.518264,25.1,72.6
2017-07-23 03:15:39.537412,25.1,72.6
2017-07-23 03:20:39.638196,25.1,72.6
2017-07-23 03:25:39.745279,25.1,72.7
2017-07-23 03:30:39.838252,25.1,72.7
2017-07-23 03:35:39.888308,25.1,72.6
2017-07-23 03:40:39.995282,25.0,72.5
2017-07-23 03:45:40.102176,25.1,72.4
2017-07-23 03:50:40.166942,25.0,72.4
2017-07-23 03:55:40.196129,25.0,72.3
2017-07-23 04:00:40.303194,25.0,72.1
2017-07-23 04:05:40.388113,25.0,71.9
2017-07-23 04:10:40.478607,24.9,71.5
2017-07-23 04:15:40.510563,24.9,71.3
2017-07-23 04:20:40.618111,25.0,71.0
2017-07-23 04:25:40.638250,24.8,70.8
2017-07-23 04:30:40.745175,24.7,70.6
2017-07-23 04:35:40.840948,24.7,70.3
2017-07-23 04:40:40.868446,24.8,70.4
2017-07-23 04:45:40.888095,24.8,70.3
2017-07-23 04:50:40.918328,24.5,70.0
2017-07-23 04:55:41.025501,24.7,69.8
2017-07-23 05:00:41.132687,24.6,69.6
2017-07-23 05:05:41.167065,24.7,69.4
2017-07-23 05:10:41.274196,24.6,69.1
2017-07-23 05:15:41.381098,24.6,68.7
2017-07-23 05:20:41.438146,24.6,68.3
2017-07-23 05:25:41.474859,24.5,67.8
2017-07-23 05:30:41.518247,24.5,67.2
2017-07-23 05:35:41.598276,24.5,66.1
2017-07-23 05:40:41.638242,24.5,64.6
2017-07-23 05:45:41.745359,24.4,64.3
2017-07-23 05:50:41.828241,24.4,64.0
2017-07-23 05:55:41.888143,24.4,63.3
2017-07-23 06:00:41.968361,24.4,63.2
2017-07-23 06:05:42.008262,24.4,62.6
2017-07-23 06:10:42.115237,24.3,62.8
2017-07-23 06:15:42.166902,24.4,62.9
2017-07-23 06:20:42.273851,24.4,63.0
2017-07-23 06:25:42.380863,24.4,63.2
2017-07-23 06:30:42.388306,24.5,63.9
2017-07-23 06:35:42.438281,24.4,64.2
2017-07-23 06:40:42.545323,24.4,64.4
2017-07-23 06:45:42.638144,24.4,64.6
2017-07-23 06:50:42.745211,24.4,64.7
2017-07-23 06:55:42.852138,24.4,64.9
2017-07-23 07:00:42.899379,24.4,64.8
2017-07-23 07:05:42.958263,24.3,64.8
2017-07-23 07:10:43.038233,24.2,64.8
2017-07-23 07:15:43.068341,24.2,64.6
2017-07-23 07:20:43.166886,24.2,64.6
2017-07-23 07:25:43.274066,24.2,64.5
2017-07-23 07:30:43.380970,24.1,64.4
2017-07-23 07:35:43.388200,24.0,63.6
2017-07-23 07:40:43.495245,24.1,63.6
2017-07-23 07:45:43.568284,24.0,63.2
2017-07-23 07:50:43.638179,24.1,63.2
2017-07-23 07:55:43.718299,24.0,63.0
2017-07-23 08:00:43.790689,24.0,62.8
2017-07-23 08:05:43.838248,23.9,62.9
2017-07-23 08:10:43.888284,23.8,62.5
2017-07-23 08:15:43.918797,23.9,62.5
2017-07-23 08:20:44.025894,23.8,61.7
2017-07-23 08:25:44.078323,23.8,61.7
2017-07-23 08:30:44.166964,23.9,61.6
2017-07-23 08:35:44.192512,23.8,61.5
2017-07-23 08:40:44.299421,23.9,61.1
2017-07-23 08:45:44.388126,23.9,60.2
2017-07-23 08:50:44.478151,24.1,58.8
2017-07-23 08:55:44.558268,24.0,59.0
2017-07-23 09:00:44.638115,24.1,58.6
2017-07-23 09:05:44.745127,24.1,58.4
2017-07-23 09:10:44.852210,24.1,58.5
2017-07-23 09:15:44.888191,24.2,58.3
2017-07-23 09:20:44.958141,24.3,58.4
2017-07-23 09:25:45.038217,24.3,58.2
2017-07-23 09:30:45.088387,24.2,58.2
2017-07-23 09:35:45.176071,24.3,57.8
2017-07-23 09:40:45.278131,24.3,57.6
2017-07-23 09:45:45.385306,24.4,57.1
2017-07-23 09:50:45.398373,24.4,56.8
2017-07-23 09:55:45.505008,24.4,56.7
2017-07-23 10:00:45.598182,24.5,56.7
2017-07-23 10:05:45.638240,24.5,56.7
2017-07-23 10:10:45.714868,24.5,57.0
2017-07-23 10:15:45.757855,24.6,57.5
2017-07-23 10:20:45.808283,24.5,57.6
2017-07-23 10:25:45.888209,24.6,57.3
2017-07-23 10:30:45.918210,24.6,57.1
2017-07-23 10:35:46.025329,24.6,57.0
2017-07-23 10:40:46.132487,24.6,56.6
2017-07-23 10:45:46.238260,24.6,56.2
2017-07-23 10:50:46.345279,24.8,56.2
2017-07-23 10:55:46.452326,24.7,56.1
2017-07-23 11:00:46.558207,24.7,55.2
2017-07-23 11:05:46.638297,24.8,55.5
2017-07-23 11:10:46.745469,24.8,55.7
2017-07-23 11:15:46.813790,24.8,55.9
2017-07-23 11:20:46.888171,24.9,56.3
2017-07-23 11:25:46.958244,24.8,56.3
2017-07-23 11:30:47.065378,24.7,56.4
2017-07-23 11:35:47.166959,24.7,55.5
2017-07-23 11:40:47.273934,24.8,55.1
2017-07-23 11:45:47.381099,24.8,55.1
2017-07-23 11:50:47.388169,24.8,53.3
2017-07-23 11:55:47.468371,24.8,53.1
2017-07-23 12:00:47.523272,24.8,52.8
2017-07-23 12:05:47.599442,24.8,52.7
2017-07-23 12:10:47.638119,24.8,52.3
2017-07-23 12:15:47.732552,24.9,52.0
2017-07-23 12:20:47.838320,24.9,52.0
2017-07-23 12:25:47.888168,24.8,52.4
2017-07-23 12:30:47.918081,24.8,53.6
2017-07-23 12:35:47.948310,24.7,53.4
2017-07-23 12:40:48.028374,24.8,51.6
2017-07-23 12:45:48.058246,24.9,51.4
2017-07-23 12:50:48.138283,24.9,51.5
2017-07-23 12:55:48.183059,24.9,51.5
2017-07-23 13:00:48.238327,25.0,52.1
2017-07-23 13:05:48.346011,25.0,52.4
2017-07-23 13:10:48.442680,25.1,52.6
2017-07-23 13:15:48.549808,25.0,52.8
2017-07-23 13:20:48.638268,25.0,52.6
2017-07-23 13:25:48.745199,25.0,52.5
2017-07-23 13:30:48.757207,25.1,52.8
2017-07-23 13:35:48.864242,25.0,53.0
2017-07-23 13:40:48.878542,25.2,53.8
2017-07-23 13:45:48.888243,25.1,54.6
2017-07-23 13:50:48.958227,25.0,54.7
2017-07-23 13:55:49.065174,25.0,54.5
2017-07-23 14:00:49.167002,25.0,54.6
2017-07-23 14:05:49.204171,25.0,54.1
2017-07-23 14:10:49.311161,25.0,54.0
2017-07-23 14:15:49.388211,25.1,54.6
2017-07-23 14:20:49.448227,25.1,54.3
2017-07-23 14:25:49.555475,25.1,54.4
2017-07-23 14:30:49.638221,25.2,54.6
2017-07-23 14:35:49.745232,25.2,54.2
2017-07-23 14:40:49.852164,25.1,54.1
2017-07-23 14:45:49.888259,25.2,54.5
2017-07-23 14:50:49.918190,25.2,54.3
2017-07-23 14:55:50.025169,25.2,53.8
2017-07-23 15:00:50.132348,25.2,53.2
2017-07-23 15:05:50.238270,25.2,52.9
2017-07-23 15:10:50.345298,25.2,52.4
2017-07-23 15:15:50.378322,25.3,52.1
2017-07-23 15:20:50.388184,25.2,52.1
2017-07-23 15:25:50.495233,25.0,52.0
2017-07-23 15:30:50.602226,25.1,52.3
2017-07-23 15:35:50.638629,25.1,52.3
2017-07-23 15:40:50.745675,25.2,52.8
2017-07-23 15:45:50.852838,25.2,52.5
2017-07-23 15:50:50.878173,25.2,52.2
2017-07-23 15:55:50.985317,25.2,51.5
2017-07-23 16:00:50.994302,25.1,51.4
2017-07-23 16:05:51.051589,25.1,51.0
2017-07-23 16:10:51.138155,25.2,51.2
2017-07-23 16:15:51.199095,25.1,51.0
2017-07-23 16:20:51.306089,25.1,51.0
2017-07-23 16:25:51.413121,25.1,51.1
2017-07-23 16:30:51.520147,25.1,50.9
2017-07-23 16:35:51.627120,25.2,50.9
2017-07-23 16:40:51.734159,25.1,50.9
2017-07-23 16:45:51.838243,25.1,51.4
2017-07-23 16:50:51.888258,25.0,51.6
2017-07-23 16:55:51.918222,24.9,51.8
2017-07-23 17:00:52.025143,25.0,51.7
2017-07-23 17:05:52.078371,24.9,50.9
2017-07-23 17:10:52.185317,25.0,50.6
2017-07-23 17:15:52.292195,24.9,50.6
2017-07-23 17:20:52.388266,24.8,51.1
2017-07-23 17:25:52.495254,24.8,51.2
2017-07-23 17:30:52.602145,24.8,51.6
2017-07-23 17:35:52.638211,24.8,51.6
2017-07-23 17:40:52.745198,24.7,51.4
2017-07-23 17:45:52.852178,24.8,51.6
2017-07-23 17:50:52.958069,24.8,51.7
2017-07-23 17:55:52.988375,24.8,51.8
2017-07-23 18:00:53.095442,24.8,51.8
2017-07-23 18:05:53.202554,24.8,52.1
2017-07-23 18:10:53.236970,24.7,52.3
2017-07-23 18:15:53.331028,24.8,52.4
2017-07-23 18:20:53.388242,24.8,52.4
2017-07-23 18:25:53.495240,24.8,52.5
2017-07-23 18:30:53.518241,24.7,52.7
2017-07-23 18:35:53.598312,24.6,52.8
2017-07-23 18:40:53.638224,24.7,52.9
2017-07-23 18:45:53.684950,24.7,53.0
2017-07-23 18:50:53.758578,24.7,52.9
2017-07-23 18:55:53.865843,24.7,53.0
2017-07-23 19:00:53.888195,24.8,52.9
2017-07-23 19:05:53.995231,24.6,53.0
2017-07-23 19:10:54.078257,24.7,53.1
2017-07-23 19:15:54.167042,24.7,53.1
2017-07-23 19:20:54.274081,24.6,53.2
2017-07-23 19:25:54.340842,24.7,53.2
2017-07-23 19:30:54.378357,24.6,53.4
2017-07-23 19:35:54.469842,24.6,53.6
2017-07-23 19:40:54.478198,24.5,53.5
2017-07-23 19:45:54.538280,24.4,53.5
2017-07-23 19:50:54.558316,24.4,53.7
2017-07-23 19:55:54.638288,24.4,53.5
2017-07-23 20:00:54.659481,24.4,53.2
2017-07-23 20:05:54.766430,24.2,53.0
2017-07-23 20:10:54.873503,24.2,53.1
2017-07-23 20:15:54.888261,24.4,53.4
2017-07-23 20:20:54.992165,24.4,53.4
2017-07-23 20:25:55.099223,24.3,53.7
2017-07-23 20:30:55.167185,24.3,54.1
2017-07-23 20:35:55.838266,24.4,54.4
2017-07-23 20:40:55.888236,24.0,54.5
2017-07-23 20:45:55.918275,24.2,54.5
2017-07-23 20:50:55.973701,24.4,54.6
2017-07-23 20:55:56.007132,24.5,54.8
2017-07-23 21:00:56.771003,24.3,54.9
2017-07-23 21:05:56.798236,24.4,55.1
2017-07-23 21:10:56.888174,24.4,55.4
2017-07-23 21:15:56.995349,24.4,55.6
2017-07-23 21:20:57.038629,24.4,55.9
2017-07-23 21:25:57.138536,24.8,56.1
2017-07-23 21:30:57.198936,24.9,56.3
2017-07-23 21:35:57.293474,25.0,56.4
2017-07-23 21:40:57.388583,25.2,56.5
2017-07-23 21:45:57.483817,25.2,56.6
2017-07-23 21:50:57.578370,25.3,56.6
2017-07-23 21:55:57.638165,25.2,56.7
2017-07-23 22:00:57.745159,25.2,56.8
2017-07-23 22:05:57.758262,25.4,56.8
2017-07-23 22:10:57.865154,25.2,56.9
2017-07-23 22:15:57.888261,25.2,56.9
2017-07-23 22:20:57.965969,25.3,57.0
2017-07-23 22:25:58.073078,25.3,57.0
2017-07-23 22:30:58.166927,25.3,56.9
2017-07-23 22:35:58.238303,25.3,57.0
2017-07-23 22:40:58.318225,25.3,56.9
2017-07-23 22:45:58.378340,25.2,57.0
2017-07-23 22:50:58.388124,25.3,57.0
2017-07-23 22:55:58.495135,25.2,57.0
2017-07-23 23:00:58.602201,25.2,56.9
2017-07-23 23:05:58.638124,25.2,56.8
2017-07-23 23:10:58.745172,25.2,56.6
2017-07-23 23:15:58.852164,25.1,56.3
2017-07-23 23:20:58.947403,25.1,56.1
2017-07-23 23:25:59.054532,25.1,55.8
2017-07-23 23:30:59.138187,25.1,55.7
2017-07-23 23:35:59.166974,25.1,55.6
2017-07-23 23:40:59.273985,25.0,55.5
2017-07-23 23:45:59.380841,24.9,55.5
2017-07-23 23:50:59.388265,24.9,55.4
2017-07-23 23:55:59.495290,24.8,55.4
2017-07-24 00:00:59.585716,24.8,55.3
2017-07-24 00:05:59.618356,24.8,55.2
2017-07-24 00:10:59.638102,24.7,55.2
2017-07-24 00:15:59.745047,24.7,55.1
2017-07-24 00:20:59.838584,24.6,55.1
2017-07-24 00:25:59.888322,24.6,55.1
2017-07-24 00:30:59.995297,24.5,55.2
2017-07-24 00:36:00.102538,24.6,55.2
2017-07-24 00:41:00.166995,24.6,55.3
2017-07-24 00:46:00.273948,24.5,55.4
2017-07-24 00:51:00.308333,24.4,55.5
2017-07-24 00:56:00.388195,24.4,55.5
2017-07-24 01:01:00.478646,24.4,55.6
2017-07-24 01:06:00.518275,24.4,55.6
2017-07-24 01:11:00.558241,24.5,55.7
2017-07-24 01:16:00.638201,24.4,55.7
2017-07-24 01:21:00.745126,24.5,55.7
2017-07-24 01:26:00.852310,24.4,55.7
2017-07-24 01:31:00.958153,24.4,55.8
2017-07-24 01:36:01.065304,24.3,55.8
2017-07-24 01:41:01.166979,24.3,55.9
2017-07-24 01:46:01.273997,24.3,56.0
2017-07-24 01:51:01.380967,24.3,56.1
2017-07-24 01:56:01.388301,24.3,56.2
2017-07-24 02:01:01.448354,24.3,56.3
2017-07-24 02:06:01.474859,24.2,56.3
2017-07-24 02:11:01.581828,24.2,56.3
2017-07-24 02:16:01.638266,24.1,56.3
2017-07-24 02:21:01.745211,24.1,56.4
2017-07-24 02:26:01.758161,23.9,56.5
2017-07-24 02:31:01.865231,24.1,56.5
2017-07-24 02:36:01.888175,24.0,56.5
2017-07-24 02:41:01.995462,24.0,56.6
2017-07-24 02:46:02.102622,24.0,56.7
2017-07-24 02:51:02.166939,23.9,56.6
2017-07-24 02:56:02.175002,23.9,56.6
2017-07-24 03:01:02.282013,23.8,56.7
2017-07-24 03:06:02.388168,23.8,56.7
2017-07-24 03:11:02.418246,23.9,56.7
2017-07-24 03:16:02.496928,23.7,56.8
2017-07-24 03:21:02.603990,23.8,56.9
2017-07-24 03:26:02.638254,23.8,57.0
2017-07-24 03:31:02.745273,23.7,57.1
2017-07-24 03:36:02.824495,23.6,57.2
2017-07-24 03:41:02.888439,23.7,57.3
2017-07-24 03:46:02.978314,23.7,57.3
2017-07-24 03:51:03.018281,23.7,57.3
2017-07-24 03:56:03.118139,23.7,57.3
2017-07-24 04:01:03.166938,23.7,57.3
2017-07-24 04:06:03.274136,23.7,57.3
2017-07-24 04:11:03.381058,23.7,57.3
2017-07-24 04:16:03.481613,23.7,57.3
2017-07-24 04:21:03.588761,23.7,57.4
2017-07-24 04:26:04.351923,23.6,57.4
2017-07-24 04:31:04.388161,23.7,57.4
2017-07-24 04:36:04.495250,23.7,57.5
2017-07-24 04:41:04.602299,23.5,57.5
2017-07-24 04:46:04.638279,23.5,57.5
2017-07-24 04:51:04.745270,23.5,57.6
2017-07-24 04:56:04.852203,23.4,57.6
2017-07-24 05:01:04.888174,23.4,57.6
2017-07-24 05:06:04.958086,23.5,57.7
2017-07-24 05:11:05.065172,23.4,57.7
2017-07-24 05:16:05.166950,23.4,57.7
2017-07-24 05:21:05.888182,23.4,57.7
2017-07-24 05:26:05.918203,23.5,57.8
2017-07-24 05:31:06.025218,23.4,57.8
2017-07-24 05:36:06.038272,23.4,57.8
2017-07-24 05:41:06.138162,23.4,57.9
2017-07-24 05:46:06.245236,23.4,57.9
2017-07-24 05:51:06.352262,23.4,58.0
2017-07-24 05:56:06.388185,23.3,58.1
2017-07-24 06:01:06.440228,23.3,58.2
2017-07-24 06:06:06.547360,23.3,58.3
2017-07-24 06:11:06.588266,23.3,58.4
2017-07-24 06:16:06.638132,23.3,58.5
2017-07-24 06:21:06.745257,23.3,58.6
2017-07-24 06:26:06.798399,23.3,58.7
2017-07-24 06:31:06.888101,23.3,58.9
2017-07-24 06:36:06.995268,23.3,59.0
2017-07-24 06:41:07.102200,23.4,59.2
2017-07-24 06:46:07.166882,23.5,60.3
2017-07-24 06:51:07.274060,23.6,62.3
2017-07-24 06:56:07.358226,23.6,62.6
2017-07-24 07:01:07.388309,23.7,63.2
2017-07-24 07:06:07.495306,23.6,63.6
2017-07-24 07:11:07.602290,23.7,64.0
2017-07-24 07:16:07.638197,23.9,64.1
2017-07-24 07:21:07.656133,23.9,64.3
2017-07-24 07:26:07.758074,24.0,64.2
2017-07-24 07:31:07.838726,24.0,64.3
2017-07-24 07:36:07.888219,24.1,64.4
2017-07-24 07:41:07.984223,24.0,64.4
2017-07-24 07:46:07.998188,24.0,64.5
2017-07-24 07:51:08.105327,24.0,64.6
2017-07-24 07:56:08.167012,24.0,64.8
2017-07-24 08:01:08.274037,24.0,64.9
2017-07-24 08:06:08.381050,24.0,64.9
2017-07-24 08:11:08.388242,24.0,64.8
2017-07-24 08:16:08.408333,24.0,64.7
2017-07-24 08:21:08.515417,24.0,64.7
2017-07-24 08:26:08.528278,24.0,64.6
2017-07-24 08:31:08.635418,24.0,64.6
2017-07-24 08:36:08.743140,24.0,64.4
2017-07-24 08:41:08.768643,24.0,64.4
2017-07-24 08:46:08.804158,24.0,64.3
2017-07-24 08:51:08.888099,23.9,64.2
2017-07-24 08:56:08.937821,23.9,64.1
2017-07-24 09:01:09.045631,23.9,64.0
2017-07-24 09:06:09.118281,23.9,63.9
2017-07-24 09:11:09.218492,23.9,63.7
2017-07-24 09:16:09.267832,23.9,63.5
2017-07-24 09:21:09.374814,23.8,63.3
2017-07-24 09:26:09.388193,23.8,63.2
2017-07-24 09:31:09.495254,23.8,63.0
2017-07-24 09:36:09.595329,23.8,62.9
2017-07-24 09:41:09.638314,23.8,62.8
2017-07-24 09:46:09.745290,23.7,62.7
2017-07-24 09:51:09.818351,23.8,62.7
2017-07-24 09:56:09.919372,23.7,62.9
2017-07-24 10:01:10.026532,23.7,63.0
2017-07-24 10:06:10.133509,23.8,63.1
2017-07-24 10:11:10.167037,23.8,63.2
2017-07-24 10:16:10.245449,23.8,63.3
2017-07-24 10:21:10.352362,23.7,63.3
2017-07-24 10:26:10.388187,23.8,63.1
2017-07-24 10:31:10.398179,23.7,63.0
2017-07-24 10:36:10.478279,23.7,63.0
2017-07-24 10:41:10.585441,23.6,62.8
2017-07-24 10:46:10.618316,23.6,62.7
2017-07-24 10:51:10.638538,23.6,62.6
2017-07-24 10:56:10.718209,23.6,62.5
2017-07-24 11:01:10.779557,23.5,62.4
2017-07-24 11:06:10.878110,23.5,62.3
2017-07-24 11:11:10.958186,23.6,62.1
2017-07-24 11:16:11.065225,23.5,62.0
2017-07-24 11:21:11.166980,23.4,62.0
2017-07-24 11:26:11.274054,23.4,62.0
2017-07-24 11:31:11.308386,23.4,61.9
2017-07-24 11:36:11.318304,23.4,61.9
2017-07-24 11:41:11.388214,23.4,61.8
2017-07-24 11:46:11.495444,23.5,61.7
2017-07-24 11:51:11.598793,23.4,61.6
2017-07-24 11:56:11.638202,23.4,61.5
2017-07-24 12:01:11.745161,23.4,61.5
2017-07-24 12:06:11.852089,23.4,61.4
2017-07-24 12:11:11.959233,23.3,61.4
2017-07-24 12:16:12.066358,23.3,61.4
2017-07-24 12:21:12.167007,23.3,61.3
2017-07-24 12:26:12.274080,23.3,61.3
2017-07-24 12:31:12.381109,23.3,61.2
2017-07-24 12:36:12.388315,23.3,61.1
2017-07-24 12:41:12.478233,23.2,61.0
2017-07-24 12:46:12.558138,23.3,61.1
2017-07-24 12:51:12.638257,23.2,61.0
2017-07-24 12:56:12.653508,23.2,61.0
2017-07-24 13:01:12.760630,23.1,61.1
2017-07-24 13:06:12.867758,23.1,61.2
2017-07-24 13:11:12.888313,23.1,61.1
2017-07-24 13:16:12.995382,23.1,61.2
2017-07-24 13:21:13.008361,23.0,61.2
2017-07-24 13:26:13.115394,23.0,61.3
2017-07-24 13:31:13.222550,23.0,61.3
2017-07-24 13:36:13.329553,22.9,61.3
2017-07-24 13:41:13.358250,22.9,61.4
2017-07-24 13:46:13.388182,22.9,61.3
2017-07-24 13:51:13.494762,22.9,61.3
2017-07-24 13:56:13.518236,22.9,61.3
2017-07-24 14:01:13.549125,22.9,61.3
2017-07-24 14:06:13.598164,22.8,61.3
2017-07-24 14:11:13.638125,22.8,61.3
2017-07-24 14:16:13.678227,22.8,61.3
2017-07-24 14:21:13.785393,22.8,61.3
2017-07-24 14:26:13.888516,22.8,61.3
2017-07-24 14:31:13.918581,22.8,61.3
2017-07-24 14:36:13.938264,23.3,61.1
2017-07-24 14:41:14.028246,23.3,61.0
2017-07-24 14:46:14.078540,23.2,61.0
2017-07-24 14:51:14.166706,23.3,60.9
2017-07-24 14:56:14.273499,23.3,60.9
2017-07-24 15:01:14.380200,23.4,61.0
2017-07-24 15:06:14.471951,23.3,61.1
2017-07-24 15:11:14.578792,23.3,61.3
2017-07-24 15:16:14.637991,23.4,61.3
2017-07-24 15:21:14.744696,23.3,61.3
2017-07-24 15:26:14.785717,23.3,61.2
2017-07-24 15:31:14.888037,23.1,61.1
2017-07-24 15:36:14.994732,23.0,61.2
2017-07-24 15:41:15.037991,23.2,61.1
2017-07-24 15:46:15.138079,23.3,61.0
2017-07-24 15:51:15.166968,23.1,60.9
2017-07-24 15:56:15.273854,23.0,61.0
2017-07-24 16:01:15.358028,23.1,61.1
2017-07-24 16:06:15.405743,23.1,60.9
2017-07-24 16:11:15.438042,23.1,60.9
2017-07-24 16:16:15.544839,23.0,60.9
2017-07-24 16:21:15.637988,23.1,60.9
2017-07-24 16:26:15.716608,23.3,60.9
2017-07-24 16:31:15.823309,23.2,60.9
2017-07-24 16:36:15.888006,23.2,61.0
2017-07-24 16:41:15.913510,23.1,61.1
2017-07-24 16:46:16.020213,23.2,61.2
2017-07-24 16:51:16.126872,23.3,61.1
2017-07-24 16:56:16.166749,23.3,61.1
2017-07-24 17:01:16.273536,23.2,61.0
2017-07-24 17:06:16.339885,23.2,61.0
2017-07-24 17:11:16.388031,23.1,61.0
2017-07-24 17:16:16.398448,23.1,60.9
2017-07-24 17:21:16.505159,23.2,61.0
2017-07-24 17:26:16.557944,23.1,61.0
2017-07-24 17:31:16.637982,23.1,61.1
2017-07-24 17:36:16.744682,23.1,61.3
2017-07-24 17:41:16.851374,23.0,61.4
2017-07-24 17:46:16.887997,23.0,61.5
2017-07-24 17:51:16.994688,23.0,61.7
2017-07-24 17:56:17.101376,23.0,61.8
2017-07-24 18:01:17.166729,22.9,61.8
2017-07-24 18:06:17.273420,22.8,61.9
2017-07-24 18:11:17.358368,22.9,62.0
2017-07-24 18:16:17.388039,23.0,62.0
2017-07-24 18:21:17.494844,23.0,62.0
2017-07-24 18:26:17.590578,22.9,62.1
2017-07-24 18:31:17.597991,22.7,62.2
2017-07-24 18:36:17.637996,22.8,62.3
2017-07-24 18:41:17.648425,22.7,62.4
2017-07-24 18:46:17.755144,22.7,62.5
2017-07-24 18:51:17.861819,22.9,62.6
2017-07-24 18:56:17.888018,22.9,62.6
2017-07-24 19:01:17.918094,22.9,62.6
2017-07-24 19:06:17.928127,22.9,62.6
2017-07-24 19:11:18.028124,22.8,62.6
2017-07-24 19:16:18.078085,22.7,62.6
2017-07-24 19:21:18.178309,22.8,62.6
2017-07-24 19:26:18.285012,22.9,62.6
2017-07-24 19:31:18.387986,23.0,62.4
2017-07-24 19:36:18.494689,22.9,62.1
2017-07-24 19:41:18.510728,22.9,62.0
2017-07-24 19:46:18.617477,23.1,61.9
2017-07-24 19:51:18.637993,23.0,61.9
2017-07-24 19:56:18.744689,23.0,62.2
2017-07-24 20:01:18.823063,23.0,62.5
2017-07-24 20:06:18.878002,23.0,62.8
2017-07-24 20:11:18.887985,23.0,63.0
2017-07-24 20:16:18.958050,22.9,63.4
2017-07-24 20:21:19.055513,23.0,63.5
2017-07-24 20:26:19.118112,23.0,63.6
2017-07-24 20:31:19.166716,23.0,63.7
2017-07-24 20:36:19.273439,23.0,63.9
2017-07-24 20:41:19.358077,23.1,64.3
2017-07-24 20:46:19.387988,23.0,64.3
2017-07-24 20:51:19.494830,23.0,64.6
2017-07-24 20:56:19.601487,23.0,64.8
2017-07-24 21:01:19.638024,23.1,65.0
2017-07-24 21:06:19.744704,23.1,64.9
2017-07-24 21:11:19.798108,23.1,64.8
2017-07-24 21:16:19.887988,23.1,65.1
2017-07-24 21:21:19.918638,23.1,65.0
2017-07-24 21:26:20.025421,23.0,64.8
2017-07-24 21:31:20.077975,23.1,64.7
2017-07-24 21:36:20.166805,23.0,64.7
2017-07-24 21:41:20.273554,23.1,64.9
2017-07-24 21:46:20.308121,23.1,64.8
2017-07-24 21:51:20.388023,23.2,65.0
2017-07-24 21:56:20.494731,23.3,65.1
2017-07-24 22:01:20.601520,23.3,65.5
2017-07-24 22:06:20.638243,23.4,65.9
2017-07-24 22:11:20.708528,23.3,66.1
2017-07-24 22:16:20.798467,23.1,66.1
2017-07-24 22:21:20.849259,23.1,66.2
2017-07-24 22:26:20.888960,23.0,66.2
2017-07-24 22:31:20.997870,23.2,66.0
2017-07-24 22:36:21.105968,23.2,65.6
2017-07-24 22:41:21.191080,23.1,65.4
2017-07-24 22:46:21.298720,23.2,65.3
2017-07-24 22:51:21.400258,23.2,65.1
2017-07-24 22:56:21.499387,23.2,64.9
2017-07-24 23:01:21.598408,23.3,64.7
2017-07-24 23:06:21.698391,23.2,64.7
2017-07-24 23:11:21.798579,23.2,64.5
2017-07-24 23:16:21.898441,23.2,64.5
2017-07-24 23:21:21.999172,23.2,64.3
2017-07-24 23:26:22.098430,23.1,64.3
2017-07-24 23:31:22.198459,22.9,64.4
2017-07-24 23:36:22.298376,22.9,64.4
2017-07-24 23:41:22.398349,22.9,64.5
2017-07-24 23:46:22.498442,22.8,64.5
2017-07-24 23:51:22.598558,22.7,64.7
2017-07-24 23:56:22.698575,22.6,64.8
2017-07-25 00:01:22.798615,22.6,64.9
2017-07-25 00:06:22.898412,22.6,65.0
2017-07-25 00:11:22.998536,22.6,65.0
2017-07-25 00:16:23.098571,22.5,65.2
2017-07-25 00:21:23.198366,22.5,65.3
2017-07-25 00:26:23.305627,22.4,65.3
2017-07-25 00:31:23.388202,22.4,65.3
2017-07-25 00:36:23.495356,22.4,65.4
2017-07-25 00:41:23.602299,22.3,65.4
2017-07-25 00:46:23.638161,22.3,65.4
2017-07-25 00:51:23.673839,22.3,65.4
2017-07-25 00:56:23.748295,22.2,65.5
2017-07-25 01:01:23.788255,22.2,65.5
2017-07-25 01:06:23.888144,22.2,65.5
2017-07-25 01:11:23.918216,22.2,65.5
2017-07-25 01:16:23.998250,22.1,65.5
2017-07-25 01:21:24.105233,22.1,65.5
2017-07-25 01:26:24.174861,22.1,65.4
2017-07-25 01:31:24.281834,22.2,65.3
2017-07-25 01:36:24.388072,22.1,65.3
2017-07-25 01:41:24.495102,22.1,65.2
2017-07-25 01:46:24.558194,22.1,65.1
2017-07-25 01:51:24.638208,22.1,65.0
2017-07-25 01:56:24.648111,22.1,64.9
2017-07-25 02:01:24.755124,22.1,64.9
2017-07-25 02:06:24.829458,22.1,64.8
2017-07-25 02:11:24.888256,22.0,64.8
2017-07-25 02:16:24.995475,22.0,64.9
2017-07-25 02:21:25.102350,21.9,64.9
2017-07-25 02:26:25.167021,21.9,65.0
2017-07-25 02:31:25.274092,21.9,65.1
2017-07-25 02:36:25.318209,21.9,65.1
2017-07-25 02:41:25.348512,21.9,65.1
2017-07-25 02:46:25.388540,21.8,65.1
2017-07-25 02:51:25.495623,21.8,65.1
2017-07-25 02:56:25.602775,21.8,65.1
2017-07-25 03:01:25.638183,21.8,65.0
2017-07-25 03:06:25.745438,21.8,65.0
2017-07-25 03:11:25.852312,21.8,65.0
2017-07-25 03:16:25.888216,21.7,65.0
2017-07-25 03:21:25.995342,21.7,64.9
2017-07-25 03:26:26.102224,21.7,64.9
2017-07-25 03:31:26.209594,21.7,64.8
2017-07-25 03:36:26.316602,21.7,64.8
2017-07-25 03:41:26.388145,21.7,64.7
2017-07-25 03:46:26.459478,21.7,64.7
2017-07-25 03:51:26.566578,21.7,64.6
2017-07-25 03:56:26.638125,21.7,64.6
2017-07-25 04:01:26.718287,21.7,64.6
2017-07-25 04:06:26.788266,21.7,64.5
2017-07-25 04:11:26.798500,21.6,64.5
2017-07-25 04:16:26.888191,21.6,64.5
2017-07-25 04:21:26.948294,21.6,64.5
2017-07-25 04:26:27.055460,21.6,64.6
2017-07-25 04:31:27.138168,21.6,64.6
2017-07-25 04:36:27.167064,21.6,64.6
2017-07-25 04:41:27.274097,21.5,64.6
2017-07-25 04:46:27.358177,21.5,64.6
2017-07-25 04:51:27.388119,21.5,64.5
2017-07-25 04:56:27.408351,21.5,64.5
2017-07-25 05:01:27.515438,21.5,64.5
2017-07-25 05:06:27.622539,21.4,64.5
2017-07-25 05:11:27.638219,21.4,64.5
2017-07-25 05:16:27.745410,21.4,64.4
2017-07-25 05:21:27.852502,21.5,64.4
2017-07-25 05:26:27.888187,21.4,64.3
2017-07-25 05:31:27.918084,21.4,64.3
2017-07-25 05:36:28.018297,21.4,64.3
2017-07-25 05:41:28.091557,21.4,64.3
2017-07-25 05:46:28.198923,21.4,64.3
2017-07-25 05:51:28.306247,21.3,64.2
2017-07-25 05:56:28.318205,21.3,64.2
2017-07-25 06:01:28.416954,21.3,64.2
2017-07-25 06:06:28.524241,21.3,64.1
2017-07-25 06:11:28.631254,21.3,64.1
2017-07-25 06:16:28.738381,21.3,64.1
2017-07-25 06:21:28.845451,21.3,64.1
2017-07-25 06:26:28.952799,21.3,64.2
2017-07-25 06:31:29.059897,21.3,64.2
2017-07-25 06:36:29.166976,21.3,64.3
2017-07-25 06:41:29.268550,21.3,64.3
2017-07-25 06:46:29.370905,21.4,64.3
2017-07-25 06:51:29.478490,21.5,64.1
2017-07-25 06:56:29.578440,21.5,64.0
2017-07-25 07:01:29.678587,21.6,63.9
2017-07-25 07:06:29.778554,21.6,63.9
2017-07-25 07:11:29.878288,21.7,64.1
2017-07-25 07:16:29.978511,21.7,64.4
2017-07-25 07:21:30.079961,22.0,64.7
2017-07-25 07:26:30.178401,22.0,65.2
2017-07-25 07:31:30.278681,22.1,65.3
2017-07-25 07:36:30.378225,22.1,65.4
2017-07-25 07:41:30.478265,22.1,65.4
2017-07-25 07:46:30.578235,22.1,65.3
2017-07-25 07:51:30.678317,22.1,65.4
2017-07-25 07:56:30.788263,22.2,65.4
2017-07-25 08:01:30.898331,22.1,65.4
2017-07-25 08:06:30.998236,22.1,65.6
2017-07-25 08:11:31.099949,22.1,65.7
2017-07-25 08:16:31.199881,22.1,65.8
2017-07-25 08:21:31.299458,22.1,65.8
2017-07-25 08:26:31.408357,22.1,65.7
2017-07-25 08:31:31.508203,22.1,66.0
2017-07-25 08:36:31.609222,22.1,66.1
2017-07-25 08:41:31.731886,22.1,65.9
2017-07-25 08:46:31.849524,22.1,65.9
2017-07-25 08:51:31.981153,22.1,65.7
2017-07-25 08:56:32.100200,22.1,65.7
2017-07-25 09:01:32.228336,22.1,65.6
2017-07-25 09:06:32.328271,22.2,65.5
2017-07-25 09:11:32.428202,22.2,65.5
2017-07-25 09:16:32.528224,22.3,65.4
2017-07-25 09:21:33.298360,22.3,65.4
2017-07-25 09:26:33.398395,22.3,65.1
2017-07-25 09:31:33.499351,22.4,64.8
2017-07-25 09:36:33.598852,22.4,64.5
2017-07-25 09:41:33.698824,22.4,64.3
2017-07-25 09:46:33.798199,22.5,64.1
2017-07-25 09:51:33.908307,22.4,64.0
2017-07-25 09:56:34.008306,22.5,63.9
2017-07-25 10:01:34.108295,22.5,63.9
2017-07-25 10:06:34.208253,22.4,64.1
2017-07-25 10:11:34.308231,22.4,64.2
2017-07-25 10:16:34.408216,22.5,64.4
2017-07-25 10:21:34.514898,22.4,64.5
2017-07-25 10:26:34.621575,22.3,64.7
2017-07-25 10:31:34.638008,22.3,64.8
2017-07-25 10:36:34.708114,22.1,64.9
2017-07-25 10:41:34.748117,22.2,65.0
2017-07-25 10:46:34.795137,22.3,64.9
2017-07-25 10:51:34.888035,22.2,65.1
2017-07-25 10:56:34.994853,22.2,65.3
2017-07-25 11:01:35.101539,22.3,65.3
2017-07-25 11:06:35.166742,22.2,65.5
2017-07-25 11:11:35.273646,22.1,65.8
2017-07-25 11:16:35.380350,22.2,66.0
2017-07-25 11:21:35.387986,22.2,66.1
2017-07-25 11:26:35.494688,22.1,66.2
2017-07-25 11:31:35.601363,22.2,66.4
2017-07-25 11:36:35.638001,22.2,66.6
2017-07-25 11:41:35.744696,22.3,66.5
2017-07-25 11:46:35.851369,22.4,66.5
2017-07-25 11:51:35.888019,22.5,66.6
2017-07-25 11:56:35.994825,22.5,66.4
2017-07-25 12:01:36.018145,22.4,66.2
2017-07-25 12:06:36.124923,22.5,65.8
2017-07-25 12:11:36.218139,22.6,65.6
2017-07-25 12:16:36.278111,22.4,65.7
2017-07-25 12:21:36.308126,22.4,65.8
2017-07-25 12:26:36.348139,22.4,66.0
2017-07-25 12:31:36.387995,22.3,66.2
2017-07-25 12:36:36.428171,22.3,66.5
2017-07-25 12:41:36.534933,22.3,66.7
2017-07-25 12:46:36.638027,22.3,66.7
2017-07-25 12:51:36.744805,22.2,66.6
2017-07-25 12:56:36.851474,22.2,66.6
2017-07-25 13:01:36.888027,22.2,66.5
2017-07-25 13:06:36.915753,22.3,66.3
2017-07-25 13:11:37.022537,22.3,66.3
2017-07-25 13:16:37.129242,22.3,66.3
2017-07-25 13:21:37.166747,22.3,66.4
2017-07-25 13:26:37.227334,22.3,66.4
2017-07-25 13:31:37.238192,22.2,66.5
2017-07-25 13:36:37.278002,22.3,66.8
2017-07-25 13:41:37.384812,22.2,67.1
2017-07-25 13:46:37.438024,22.2,67.2
2017-07-25 13:51:37.544785,22.2,67.2
2017-07-25 13:56:37.578161,22.3,67.4
2017-07-25 14:01:37.684997,22.3,67.5
2017-07-25 14:06:37.791669,22.3,67.4
2017-07-25 14:11:37.888062,22.4,67.3
2017-07-25 14:16:37.918019,22.4,67.3
2017-07-25 14:21:38.024719,22.4,67.3
2017-07-25 14:26:38.130242,22.4,67.3
2017-07-25 14:31:38.224058,22.4,67.3
2017-07-25 14:36:38.330736,22.4,67.3
2017-07-25 14:41:38.388113,22.4,67.2
2017-07-25 14:46:38.443233,22.4,67.0
2017-07-25 14:51:38.458145,22.4,67.0
2017-07-25 14:56:38.564942,22.4,66.9
2017-07-25 15:01:38.637991,22.4,66.7
2017-07-25 15:06:38.744681,22.4,66.5
2017-07-25 15:11:38.768114,22.4,66.4
2017-07-25 15:16:38.874791,22.5,66.3
2017-07-25 15:21:38.887978,22.5,66.2
2017-07-25 15:26:38.928211,22.6,66.1
2017-07-25 15:31:38.968109,22.5,66.1
2017-07-25 15:36:39.008141,22.4,66.1
2017-07-25 15:41:39.054430,22.5,66.2
2017-07-25 15:46:39.138008,22.5,66.3
2017-07-25 15:51:39.166792,22.5,66.4
2017-07-25 15:56:39.273527,22.5,66.4
2017-07-25 16:01:39.367145,22.5,66.4
2017-07-25 16:06:39.388107,22.5,66.4
2017-07-25 16:11:39.494822,22.5,66.3
2017-07-25 16:16:39.601510,22.5,66.3
2017-07-25 16:21:39.678949,22.4,66.3
2017-07-25 16:26:39.758898,22.5,66.3
2017-07-25 16:31:39.865642,22.5,66.4
2017-07-25 16:36:39.887986,22.4,66.5
2017-07-25 16:41:39.988043,22.4,66.6
2017-07-25 16:46:40.094766,22.4,66.7
2017-07-25 16:51:40.166769,22.4,66.9
2017-07-25 16:56:40.273469,22.5,67.0
2017-07-25 17:01:40.296929,22.4,67.1
2017-07-25 17:06:40.388049,22.5,67.1
2017-07-25 17:11:40.494776,22.5,67.2
2017-07-25 17:16:40.578104,22.4,67.2
2017-07-25 17:21:40.638016,22.4,67.3
2017-07-25 17:26:40.744741,22.3,67.3
2017-07-25 17:31:40.797987,22.4,67.3
2017-07-25 17:36:40.888010,22.4,67.3
2017-07-25 17:41:40.958056,22.4,67.3
2017-07-25 17:46:41.064760,22.3,67.2
2017-07-25 17:51:41.166718,22.3,67.0
2017-07-25 17:56:41.273559,22.4,66.9
2017-07-25 18:01:41.380237,22.4,66.7
2017-07-25 18:06:41.388019,22.5,66.5
2017-07-25 18:11:41.494727,22.5,66.3
2017-07-25 18:16:41.601418,22.5,66.0
2017-07-25 18:21:41.638010,22.5,65.8
2017-07-25 18:26:41.744838,22.5,65.5
2017-07-25 18:31:41.851530,22.4,65.3
2017-07-25 18:36:41.888026,22.4,65.1
2017-07-25 18:41:41.918032,22.4,65.4
2017-07-25 18:46:42.024838,22.4,65.7
2017-07-25 18:51:42.131596,22.4,65.9
2017-07-25 18:56:42.166716,22.4,66.3
2017-07-25 19:01:42.273518,22.4,66.7
2017-07-25 19:06:42.348196,22.4,67.1
2017-07-25 19:11:42.406120,22.4,67.3
2017-07-25 19:16:42.458285,22.5,67.4
2017-07-25 19:21:42.558287,22.4,67.6
2017-07-25 19:26:42.658157,22.4,67.7
2017-07-25 19:31:42.727310,22.4,67.8
2017-07-25 19:36:42.817905,22.5,67.9
2017-07-25 19:41:42.907340,22.5,68.0
2017-07-25 19:46:42.995966,22.5,68.2
2017-07-25 19:51:43.089601,22.5,68.4
2017-07-25 19:56:43.188132,22.5,68.6
2017-07-25 20:01:43.241039,22.4,68.8
2017-07-25 20:06:43.328333,22.5,68.9
2017-07-25 20:11:43.405906,22.5,69.0
2017-07-25 20:16:43.493326,22.5,69.1
2017-07-25 20:21:43.578429,22.5,69.2
2017-07-25 20:26:43.655073,22.5,69.4
2017-07-25 20:31:43.738265,22.5,69.4
2017-07-25 20:36:43.838057,22.5,69.5
2017-07-25 20:41:43.908130,22.6,69.5
2017-07-25 20:46:43.957083,22.6,69.5
2017-07-25 20:51:44.063874,22.6,69.3
2017-07-25 20:56:44.166747,22.6,69.1
2017-07-25 21:01:44.273435,22.6,69.1
2017-07-25 21:06:44.359967,22.6,69.0
2017-07-25 21:11:44.466720,22.5,68.9
2017-07-25 21:16:44.573415,22.6,68.8
2017-07-25 21:21:44.637990,22.6,68.8
2017-07-25 21:26:44.671223,22.6,68.8
2017-07-25 21:31:44.687728,22.6,68.8
2017-07-25 21:36:44.738288,22.6,68.8
2017-07-25 21:41:44.758097,22.6,68.9
2017-07-25 21:46:44.864830,22.6,69.2
2017-07-25 21:51:44.888059,22.7,69.3
2017-07-25 21:56:44.957977,22.6,69.3
2017-07-25 22:01:45.038358,22.6,69.3
2017-07-25 22:06:45.118051,22.6,69.2
2017-07-25 22:11:45.166723,22.6,69.2
2017-07-25 22:16:45.273613,22.6,69.0
2017-07-25 22:21:45.380264,22.6,69.2
2017-07-25 22:26:45.388060,22.6,69.2
2017-07-25 22:31:45.494763,22.6,69.1
2017-07-25 22:36:45.578118,22.6,69.1
2017-07-25 22:41:45.638062,22.6,69.3
2017-07-25 22:46:45.678072,22.6,69.3
2017-07-25 22:51:45.784876,22.6,69.2
2017-07-25 22:56:45.888020,22.6,69.2
2017-07-25 23:01:45.899248,22.6,69.4
2017-07-25 23:06:46.005966,22.6,69.1
2017-07-25 23:11:46.112757,22.6,68.8
2017-07-25 23:16:46.219507,22.6,68.6
2017-07-25 23:21:46.326320,22.5,68.3
2017-07-25 23:26:46.388020,22.5,68.2
2017-07-25 23:31:46.494721,22.5,68.1
2017-07-25 23:36:46.518144,22.4,68.1
2017-07-25 23:41:46.624800,22.5,67.9
2017-07-25 23:46:46.672122,22.4,67.8
2017-07-25 23:51:46.746735,22.4,67.7
2017-07-25 23:56:46.853414,22.4,67.5
2017-07-26 00:01:46.888032,22.4,67.4
2017-07-26 00:06:46.958047,22.4,67.3
2017-07-26 00:11:47.673539,22.4,67.2
2017-07-26 00:16:47.780259,22.4,67.2
2017-07-26 00:21:47.817915,22.4,67.1
2017-07-26 00:26:47.838082,22.3,67.0
2017-07-26 00:31:47.888028,22.3,66.9
2017-07-26 00:36:47.988435,22.3,66.8
2017-07-26 00:41:48.095102,22.3,66.8
2017-07-26 00:46:48.166843,22.3,66.7
2017-07-26 00:51:48.258151,22.3,66.8
2017-07-26 00:56:48.364865,22.3,66.8
2017-07-26 01:01:48.388073,22.3,66.8
2017-07-26 01:06:48.478057,22.2,66.7
2017-07-26 01:11:48.582257,22.2,66.6
2017-07-26 01:16:48.638038,22.2,66.5
2017-07-26 01:21:48.718361,22.1,66.3
2017-07-26 01:26:48.788113,22.1,66.3
2017-07-26 01:31:48.888032,22.0,66.4
2017-07-26 01:36:48.958699,22.0,66.5
2017-07-26 01:41:48.988724,21.9,66.6
2017-07-26 01:46:49.095444,21.9,66.7
2017-07-26 01:51:49.202160,21.8,66.9
2017-07-26 01:56:49.309020,21.9,66.9
2017-07-26 02:01:49.398307,22.0,66.8
2017-07-26 02:06:49.505009,22.0,66.6
2017-07-26 02:11:49.611758,22.0,66.4
2017-07-26 02:16:49.718584,21.9,66.2
2017-07-26 02:21:49.748158,21.9,65.9
2017-07-26 02:26:49.758019,21.8,65.9
2017-07-26 02:31:49.864821,21.8,66.0
2017-07-26 02:36:49.888056,21.7,66.0
2017-07-26 02:41:49.917987,21.7,66.1
2017-07-26 02:46:49.983158,21.7,66.2
2017-07-26 02:51:50.089806,21.6,66.4
2017-07-26 02:56:50.166768,21.6,66.5
2017-07-26 03:01:50.228139,21.6,66.5
2017-07-26 03:06:50.334853,21.5,66.5
2017-07-26 03:11:50.387967,21.5,66.5
2017-07-26 03:16:50.448121,21.5,66.5
2017-07-26 03:21:50.554912,21.5,66.4
2017-07-26 03:26:50.637982,21.5,66.2
2017-07-26 03:31:50.744701,21.5,66.1
2017-07-26 03:36:50.838171,21.5,66.0
2017-07-26 03:41:50.877988,21.5,65.8
2017-07-26 03:46:50.888002,21.4,65.7
2017-07-26 03:51:50.978411,21.4,65.7
2017-07-26 03:56:51.085305,21.4,65.8
2017-07-26 04:01:51.166730,21.3,65.8
2017-07-26 04:06:51.273406,21.3,65.9
2017-07-26 04:11:51.380194,21.3,65.9
2017-07-26 04:16:51.421592,21.3,66.0
2017-07-26 04:21:51.528161,21.3,65.9
2017-07-26 04:26:51.634862,21.3,65.9
2017-07-26 04:31:51.741553,21.2,65.8
2017-07-26 04:36:51.838016,21.3,65.6
2017-07-26 04:41:51.888046,21.3,65.6
2017-07-26 04:46:52.637984,21.3,65.5
2017-07-26 04:51:52.744694,21.3,65.4
2017-07-26 04:56:52.851490,21.2,65.3
2017-07-26 05:01:52.888119,21.2,65.2
2017-07-26 05:06:52.957976,21.2,65.2
2017-07-26 05:11:52.968250,21.2,65.2
2017-07-26 05:16:53.075042,21.2,65.2
2017-07-26 05:21:53.166735,21.1,65.1
2017-07-26 05:26:53.887984,21.1,65.1
2017-07-26 05:31:53.918024,21.1,65.1
2017-07-26 05:36:54.024723,21.1,65.1
2017-07-26 05:41:54.130492,21.1,65.0
2017-07-26 05:46:54.166643,21.0,64.9
2017-07-26 05:51:54.256140,21.0,64.9
2017-07-26 05:56:54.362959,21.0,64.8
2017-07-26 06:01:54.469604,21.0,64.7
2017-07-26 06:06:54.576310,21.0,64.6
2017-07-26 06:11:54.637997,21.0,64.6
2017-07-26 06:16:54.718005,21.0,64.5
2017-07-26 06:21:54.753637,21.0,64.3
2017-07-26 06:26:54.798378,21.0,64.2
2017-07-26 06:31:54.818130,21.0,64.2
2017-07-26 06:36:54.877976,21.0,64.2
2017-07-26 06:41:54.973924,21.0,64.2
2017-07-26 06:46:55.080602,21.0,64.2
2017-07-26 06:51:55.167749,21.0,64.3
2017-07-26 06:56:55.274429,21.0,64.4
2017-07-26 07:01:55.381204,21.1,64.8
2017-07-26 07:06:55.408673,21.1,66.1
2017-07-26 07:11:56.138126,21.2,67.7
2017-07-26 07:16:56.198225,21.2,69.3
2017-07-26 07:21:56.228150,21.2,69.5
2017-07-26 07:26:56.318029,21.3,69.8
2017-07-26 07:31:56.388015,21.3,70.3
2017-07-26 07:36:56.398946,21.3,70.3
2017-07-26 07:41:56.490274,21.4,70.6
2017-07-26 07:46:56.597012,21.4,70.6
2017-07-26 07:51:56.638023,21.4,70.7
2017-07-26 07:56:56.744990,21.4,71.1
2017-07-26 08:01:56.851678,21.4,71.4
2017-07-26 08:06:56.887988,21.4,71.8
2017-07-26 08:11:56.958034,21.4,72.1
2017-07-26 08:16:57.028136,21.4,72.3
2017-07-26 08:21:57.134918,21.4,72.6
2017-07-26 08:26:57.166812,21.4,72.6
2017-07-26 08:31:57.188903,21.4,72.5
2017-07-26 08:36:57.295704,21.5,72.4
2017-07-26 08:41:57.308136,21.5,72.2
2017-07-26 08:46:57.387974,21.6,72.0
2017-07-26 08:51:57.494752,21.6,71.7
2017-07-26 08:56:57.568121,21.6,71.4
2017-07-26 09:01:57.598041,21.6,71.2
2017-07-26 09:06:57.684889,21.6,70.9
2017-07-26 09:11:57.791609,21.7,70.8
2017-07-26 09:16:57.887987,21.7,70.6
2017-07-26 09:21:57.917974,21.7,70.5
2017-07-26 09:26:58.024832,21.7,70.4
2017-07-26 09:31:58.131585,21.8,70.3
2017-07-26 09:36:58.208087,21.8,70.2
2017-07-26 09:41:58.314870,21.8,70.1
2017-07-26 09:46:58.387981,21.8,70.1
2017-07-26 09:51:58.434770,21.9,70.1
2017-07-26 09:56:58.541461,21.9,70.1
2017-07-26 10:01:58.558011,21.9,70.1
2017-07-26 10:06:58.638326,21.9,70.1
2017-07-26 10:11:58.745136,21.9,70.0
2017-07-26 10:16:58.838206,22.0,69.9
2017-07-26 10:21:58.878123,22.0,69.7
2017-07-26 10:26:58.888081,22.0,69.7
2017-07-26 10:31:58.994793,22.0,69.6
2017-07-26 10:36:59.028116,22.0,69.6
2017-07-26 10:41:59.134821,22.0,69.5
2017-07-26 10:46:59.166722,22.0,69.4
2017-07-26 10:51:59.273510,22.0,69.3
2017-07-26 10:56:59.380192,22.1,69.3
2017-07-26 11:01:59.486907,22.1,69.1
2017-07-26 11:06:59.593610,22.1,69.0
2017-07-26 11:11:59.700320,22.1,69.0
2017-07-26 11:16:59.758017,22.1,68.9
2017-07-26 11:21:59.864814,22.2,68.9
2017-07-26 11:26:59.887978,22.2,69.0
2017-07-26 11:31:59.991263,22.2,69.0
2017-07-26 11:37:00.098037,22.3,69.1
2017-07-26 11:42:00.166718,22.2,69.0
2017-07-26 11:47:00.273471,22.3,69.0
2017-07-26 11:52:00.301898,22.3,69.0
2017-07-26 11:57:00.318055,22.3,69.0
2017-07-26 12:02:00.387974,22.3,69.0
2017-07-26 12:07:00.494688,22.3,68.9
2017-07-26 12:12:00.601370,22.4,69.0
2017-07-26 12:17:00.638061,22.4,69.0
2017-07-26 12:22:00.744773,22.4,69.0
2017-07-26 12:27:00.758137,22.4,69.0
2017-07-26 12:32:01.521732,22.5,69.0
2017-07-26 12:37:01.628565,22.5,69.0
2017-07-26 12:42:01.638025,22.5,68.9
2017-07-26 12:47:01.744914,22.6,69.0
2017-07-26 12:52:01.851590,22.6,69.0
2017-07-26 12:57:01.888032,22.6,68.9
2017-07-26 13:02:01.994862,22.6,68.9
2017-07-26 13:07:02.028152,22.7,68.9
2017-07-26 13:12:02.134854,22.7,69.0
2017-07-26 13:17:02.237967,22.7,69.0
2017-07-26 13:22:02.344657,22.8,69.0
2017-07-26 13:27:02.387986,22.8,69.1
2017-07-26 13:32:02.494839,22.8,69.3
2017-07-26 13:37:02.588175,22.8,69.4
2017-07-26 13:42:02.637972,22.9,69.6
2017-07-26 13:47:02.744784,22.9,69.8
2017-07-26 13:52:02.798031,22.9,70.0
2017-07-26 13:57:03.548138,23.0,70.1
2017-07-26 14:02:03.588113,23.0,70.3
2017-07-26 14:07:03.628122,23.0,70.3
2017-07-26 14:12:03.638050,23.0,70.3
2017-07-26 14:17:03.698190,23.1,70.3
2017-07-26 14:22:03.758163,23.1,70.3
2017-07-26 14:27:04.456870,23.1,70.3
2017-07-26 14:32:04.563580,23.2,70.3
2017-07-26 14:37:04.638079,23.2,70.4
2017-07-26 14:42:04.723217,23.2,70.4
2017-07-26 14:47:04.771262,23.2,70.4
2017-07-26 14:52:04.877998,23.3,70.4
2017-07-26 14:57:04.888011,23.3,70.4
2017-07-26 15:02:04.994730,23.4,70.5
2017-07-26 15:07:05.081330,23.4,70.6
2017-07-26 15:12:05.166727,23.4,70.8
2017-07-26 15:17:05.273560,23.4,70.9
2017-07-26 15:22:05.380240,23.5,71.1
2017-07-26 15:27:05.428161,23.5,71.2
2017-07-26 15:32:05.518013,23.6,71.3
2017-07-26 15:37:05.624707,23.6,71.4
2017-07-26 15:42:05.638086,23.6,71.4
2017-07-26 15:47:05.705369,23.7,71.5
2017-07-26 15:52:05.812025,23.7,71.5
2017-07-26 15:57:05.887978,23.7,71.6
2017-07-26 16:02:05.994790,23.7,71.6
2017-07-26 16:07:06.016933,23.7,71.6
2017-07-26 16:12:06.123601,23.8,71.6
2017-07-26 16:17:06.228133,23.8,71.7
2017-07-26 16:22:06.918108,23.9,71.6
2017-07-26 16:27:06.957991,23.9,71.6
2017-07-26 16:32:07.064954,23.9,71.7
2017-07-26 16:37:07.166735,24.0,71.7
2017-07-26 16:42:07.218211,24.0,71.7
2017-07-26 16:47:07.887986,24.0,71.6
2017-07-26 16:52:07.970316,24.1,71.7
2017-07-26 16:57:07.998001,24.1,71.7
2017-07-26 17:02:08.083965,24.2,71.7
2017-07-26 17:07:08.166726,24.3,71.7
2017-07-26 17:12:08.273496,24.4,71.9
2017-07-26 17:17:08.317993,24.4,72.0
2017-07-26 17:22:08.387985,24.4,71.9
2017-07-26 17:27:08.398418,24.5,71.8
2017-07-26 17:32:08.505146,24.5,71.6
2017-07-26 17:37:08.611817,24.5,71.5
2017-07-26 17:42:08.638075,24.6,71.3
2017-07-26 17:47:08.744878,24.6,71.1
2017-07-26 17:52:08.848115,24.6,71.1
2017-07-26 17:57:08.888133,24.6,71.2
2017-07-26 18:02:08.994843,24.6,71.2
2017-07-26 18:07:09.101571,24.6,71.2
2017-07-26 18:12:09.166793,24.7,71.2
2017-07-26 18:17:09.268119,24.6,71.2
2017-07-26 18:22:09.308132,24.7,71.2
2017-07-26 18:27:09.358108,24.7,71.2
2017-07-26 18:32:09.387995,24.7,71.2
2017-07-26 18:37:09.458191,24.8,71.4
2017-07-26 18:42:09.518353,24.8,71.8
2017-07-26 18:47:09.625061,24.8,72.1
2017-07-26 18:52:09.638092,24.8,72.2
2017-07-26 18:57:09.744783,24.8,72.4
2017-07-26 19:02:09.851556,24.8,72.6
2017-07-26 19:07:09.888022,24.9,72.6
2017-07-26 19:12:09.918064,24.8,72.5
2017-07-26 19:17:10.024820,24.9,72.4
2017-07-26 19:22:10.131497,24.9,72.5
2017-07-26 19:27:10.166759,25.0,72.7
2017-07-26 19:32:10.273453,25.0,72.9
2017-07-26 19:37:10.288136,25.0,73.2
2017-07-26 19:42:10.387981,25.1,73.6
2017-07-26 19:47:10.494836,25.1,74.4
2017-07-26 19:52:10.601514,25.1,74.8
2017-07-26 19:57:10.638525,25.1,75.2
2017-07-26 20:02:10.688119,25.2,75.7
2017-07-26 20:07:10.755449,25.2,76.1
2017-07-26 20:12:10.862127,25.2,77.0
2017-07-26 20:17:10.888121,25.2,77.1
2017-07-26 20:22:10.958023,25.2,77.5
2017-07-26 20:27:11.064811,25.2,77.5
2017-07-26 20:32:11.166749,25.2,77.4
2017-07-26 20:37:11.273460,25.3,77.5
2017-07-26 20:42:11.380146,25.3,77.3
2017-07-26 20:47:11.474449,25.3,77.3
2017-07-26 20:52:11.581112,25.3,77.1
2017-07-26 20:57:11.638026,25.3,77.2
2017-07-26 21:02:11.677970,25.4,77.5
2017-07-26 21:07:11.696440,25.4,77.5
2017-07-26 21:12:11.758382,25.4,77.6
2017-07-26 21:17:11.865096,25.4,77.8
2017-07-26 21:22:11.887995,25.4,77.9
2017-07-26 21:27:11.918078,25.5,78.0
2017-07-26 21:32:11.948842,25.5,78.0
2017-07-26 21:37:12.055635,25.5,78.1
2017-07-26 21:42:12.137985,25.5,78.0
2017-07-26 21:47:12.237986,25.5,77.9
2017-07-26 21:52:13.007923,25.5,77.7
2017-07-26 21:57:13.114607,25.5,77.6
2017-07-26 22:02:13.198414,25.5,77.4
2017-07-26 22:07:13.305138,25.5,77.3
2017-07-26 22:12:13.387979,25.5,77.1
2017-07-26 22:17:13.494844,25.6,77.2
2017-07-26 22:22:13.517980,25.5,77.1
2017-07-26 22:27:13.624749,25.5,77.1
2017-07-26 22:32:13.637977,25.5,77.0
2017-07-26 22:37:13.648825,25.5,76.9
2017-07-26 22:42:13.678733,25.5,76.9
2017-07-26 22:47:13.708522,25.6,76.8
2017-07-26 22:52:13.811175,25.7,76.8
2017-07-26 22:57:13.921140,25.6,76.7
2017-07-26 23:02:14.028320,25.6,76.6
2017-07-26 23:07:14.128457,25.6,76.5
2017-07-26 23:12:14.828491,25.7,76.3
2017-07-26 23:17:14.928488,25.6,76.2
2017-07-26 23:22:15.030917,25.6,76.1
2017-07-26 23:27:15.088259,25.5,75.9
2017-07-26 23:32:15.188297,25.5,75.7
2017-07-26 23:37:15.218221,25.5,75.5
2017-07-26 23:42:15.308122,25.5,75.3
2017-07-26 23:47:15.388097,25.4,75.0
2017-07-26 23:52:15.438750,25.4,74.7
2017-07-26 23:57:15.545820,25.4,74.5
2017-07-27 00:02:15.638156,25.3,74.3
2017-07-27 00:07:15.745115,25.3,74.1
2017-07-27 00:12:15.851988,25.3,73.9
2017-07-27 00:17:15.888167,25.3,73.6
2017-07-27 00:22:15.918117,25.2,73.4
2017-07-27 00:27:16.025169,25.2,73.3
2017-07-27 00:32:16.068296,25.2,73.2
2017-07-27 00:37:16.166962,25.2,73.1
2017-07-27 00:42:16.273936,25.2,73.1
2017-07-27 00:47:16.380830,25.1,73.2
2017-07-27 00:52:16.388242,25.1,73.1
2017-07-27 00:57:16.413839,25.1,73.1
2017-07-27 01:02:16.518156,25.1,73.0
2017-07-27 01:07:16.608192,25.0,72.8
2017-07-27 01:12:16.638182,25.0,72.6
2017-07-27 01:17:16.745243,25.0,72.3
2017-07-27 01:22:16.852187,25.0,72.1
2017-07-27 01:27:16.888145,25.0,71.8
2017-07-27 01:32:16.938184,24.9,71.6
2017-07-27 01:37:16.958299,24.9,71.4
2017-07-27 01:42:17.065264,24.9,71.3
2017-07-27 01:47:17.166988,24.8,71.3
2017-07-27 01:52:17.274093,24.8,71.2
2017-07-27 01:57:17.381164,24.8,71.1
2017-07-27 02:02:17.488375,24.8,71.1
2017-07-27 02:07:17.496139,24.7,71.0
2017-07-27 02:12:17.568262,24.7,70.9
2017-07-27 02:17:17.638105,24.7,70.8
2017-07-27 02:22:17.745214,24.7,70.6
2017-07-27 02:27:17.814923,24.6,70.5
2017-07-27 02:32:17.888255,24.6,70.3
2017-07-27 02:37:17.908147,24.6,70.2
2017-07-27 02:42:17.918199,24.6,70.1
2017-07-27 02:47:17.994029,24.6,70.0
2017-07-27 02:52:18.101238,24.6,69.9
2017-07-27 02:57:18.208415,24.5,69.9
2017-07-27 03:02:18.298542,24.5,69.9
2017-07-27 03:07:18.388209,24.5,70.0
2017-07-27 03:12:18.495361,24.5,70.0
2017-07-27 03:17:18.602327,24.5,70.0
2017-07-27 03:22:18.638573,24.4,70.1
2017-07-27 03:27:18.668197,24.4,70.1
2017-07-27 03:32:18.718289,24.4,70.0
2017-07-27 03:37:18.778493,24.4,69.9
2017-07-27 03:42:18.798663,24.4,69.8
2017-07-27 03:47:18.828193,24.4,69.8
2017-07-27 03:52:18.888162,24.3,69.6
2017-07-27 03:57:18.908221,24.3,69.5
2017-07-27 04:02:18.958674,24.3,69.3
2017-07-27 04:07:19.008478,24.3,69.2
2017-07-27 04:12:19.098225,24.3,69.0
2017-07-27 04:17:19.166936,24.2,68.9
2017-07-27 04:22:19.198203,24.3,68.8
2017-07-27 04:27:19.228216,24.2,68.7
2017-07-27 04:32:19.278100,24.2,68.7
2017-07-27 04:37:19.288174,24.2,68.7
2017-07-27 04:42:19.338307,24.2,68.7
2017-07-27 04:47:19.388155,24.2,68.7
2017-07-27 04:52:19.411528,24.0,68.6
2017-07-27 04:57:19.518771,24.1,68.6
2017-07-27 05:02:19.528380,24.1,68.6
2017-07-27 05:07:19.578165,24.1,68.5
2017-07-27 05:12:19.638100,24.2,68.4
2017-07-27 05:17:19.745282,24.1,68.3
2017-07-27 05:22:19.788490,24.1,68.4
2017-07-27 05:27:19.828463,24.1,68.4
2017-07-27 05:32:19.838189,24.0,68.4
2017-07-27 05:37:19.888113,24.0,68.5
2017-07-27 05:42:19.995183,23.9,68.5
2017-07-27 05:47:20.078279,24.0,68.6
2017-07-27 05:52:20.166892,24.0,68.8
2017-07-27 05:57:20.238156,24.0,69.0
2017-07-27 06:02:20.345271,24.0,69.2
2017-07-27 06:07:20.388117,24.0,69.5
2017-07-27 06:12:20.495227,24.0,69.9
2017-07-27 06:17:20.602216,24.0,70.2
2017-07-27 06:22:20.638215,24.0,70.5
2017-07-27 06:27:20.678214,24.0,70.7
2017-07-27 06:32:20.785302,24.0,71.0
2017-07-27 06:37:20.878101,24.0,71.4
2017-07-27 06:42:20.888228,24.1,71.8
2017-07-27 06:47:20.995280,24.0,71.8
2017-07-27 06:52:21.098241,24.0,71.9
2017-07-27 06:57:21.188201,24.0,72.1
2017-07-27 07:02:21.278290,24.1,72.3
2017-07-27 07:07:21.308289,24.1,72.5
2017-07-27 07:12:21.388195,24.1,73.1
2017-07-27 07:17:21.474962,24.1,73.7
2017-07-27 07:22:21.582004,24.2,74.7
2017-07-27 07:27:21.598235,24.2,75.1
2017-07-27 07:32:21.638315,24.3,75.8
2017-07-27 07:37:21.710558,24.2,76.1
2017-07-27 07:42:21.758218,24.3,76.3
2017-07-27 07:47:21.848115,24.3,76.8
2017-07-27 07:52:21.888174,24.3,77.1
2017-07-27 07:57:21.958321,24.3,77.3
2017-07-27 08:02:21.988326,24.3,77.4
2017-07-27 08:07:22.095339,24.3,77.6
2017-07-27 08:12:22.167041,24.3,77.6
2017-07-27 08:17:22.178268,24.3,77.6
2017-07-27 08:22:22.268270,24.4,77.5
2017-07-27 08:27:22.318228,24.4,77.4
2017-07-27 08:32:22.388177,24.4,77.2
2017-07-27 08:37:22.398346,24.3,77.0
2017-07-27 08:42:22.468224,24.3,76.9
2017-07-27 08:47:22.568260,24.4,76.7
2017-07-27 08:52:22.664928,24.3,76.5
2017-07-27 08:57:22.728217,24.3,76.3
2017-07-27 09:02:22.798401,24.3,76.1
2017-07-27 09:07:22.818249,24.3,76.0
2017-07-27 09:12:22.888227,24.2,75.9
2017-07-27 09:17:22.958366,24.2,75.7
2017-07-27 09:22:22.998214,24.2,75.5
2017-07-27 09:27:23.105381,24.2,75.4
2017-07-27 09:32:23.212308,24.2,75.2
2017-07-27 09:37:23.278100,24.2,75.0
2017-07-27 09:42:23.288292,24.2,74.8
2017-07-27 09:47:23.318418,24.2,74.6
2017-07-27 09:52:23.398433,24.2,74.5
2017-07-27 09:57:23.438262,24.2,74.3
2017-07-27 10:02:23.545211,24.2,74.2
2017-07-27 10:07:23.638142,24.2,74.1
2017-07-27 10:12:23.745300,24.2,74.0
2017-07-27 10:17:23.852356,24.2,73.8
2017-07-27 10:22:23.888112,24.2,73.7
2017-07-27 10:27:23.933836,24.1,73.6
2017-07-27 10:32:23.968218,24.2,73.4
2017-07-27 10:37:24.058115,24.2,73.3
2017-07-27 10:42:24.138086,24.2,73.2
2017-07-27 10:47:24.238323,24.2,73.1
2017-07-27 10:52:24.328250,24.2,73.0
2017-07-27 10:57:24.358259,24.2,73.0
2017-07-27 11:02:24.388364,24.2,72.9
2017-07-27 11:07:24.408255,24.1,72.8
2017-07-27 11:12:24.498274,24.2,72.7
2017-07-27 11:17:24.588271,24.2,72.6
2017-07-27 11:22:24.638499,24.2,72.4
2017-07-27 11:27:24.745502,24.2,72.4
2017-07-27 11:32:24.852555,24.2,72.3
2017-07-27 11:37:24.888252,24.2,72.2
2017-07-27 11:42:24.989705,24.2,72.2
2017-07-27 11:47:25.096881,24.2,72.2
2017-07-27 11:52:25.166927,24.2,72.2
2017-07-27 11:57:25.273898,24.2,72.2
2017-07-27 12:02:25.358273,24.2,72.2
2017-07-27 12:07:25.388252,24.2,72.3
2017-07-27 12:12:25.438207,24.2,72.2
2017-07-27 12:17:25.468275,24.2,72.1
2017-07-27 12:22:25.526955,24.2,72.0
2017-07-27 12:27:25.631235,24.2,71.9
2017-07-27 12:32:25.698121,24.2,71.9
2017-07-27 12:37:25.758246,24.2,71.8
2017-07-27 12:42:25.848321,24.2,71.8
2017-07-27 12:47:25.888235,24.2,71.8
2017-07-27 12:52:25.918221,24.2,71.8
2017-07-27 12:57:25.958245,24.2,71.8
2017-07-27 13:02:26.018264,24.2,71.8
2017-07-27 13:07:26.048367,24.2,71.7
2017-07-27 13:12:26.138096,24.2,71.6
2017-07-27 13:17:26.245187,24.2,71.5
2017-07-27 13:22:26.348570,24.2,71.5
2017-07-27 13:27:26.388267,24.2,71.4
2017-07-27 13:32:26.495345,24.2,71.4
2017-07-27 13:37:26.558603,24.2,71.3
2017-07-27 13:42:26.568294,24.2,71.2
2017-07-27 13:47:26.638237,24.2,71.1
2017-07-27 13:52:26.745294,24.2,71.1
2017-07-27 13:57:26.838251,24.2,71.1
2017-07-27 14:02:26.888178,24.2,71.0
2017-07-27 14:07:26.958207,24.2,71.0
2017-07-27 14:12:26.988205,24.2,71.0
2017-07-27 14:17:27.078261,24.2,71.0
2017-07-27 14:22:27.178202,24.2,70.9
2017-07-27 14:27:27.268263,24.2,70.9
2017-07-27 14:32:27.358261,24.2,70.9
2017-07-27 14:37:28.058337,24.2,70.9
2017-07-27 14:42:28.088488,24.2,70.8
2017-07-27 14:47:28.188218,24.2,70.8
2017-07-27 14:52:28.288170,24.2,70.8
2017-07-27 14:57:28.388052,24.2,70.8
2017-07-27 15:02:28.494949,24.2,70.8
2017-07-27 15:07:28.588341,24.2,70.8
2017-07-27 15:12:28.618355,24.2,70.8
2017-07-27 15:17:28.638242,24.2,70.7
2017-07-27 15:22:28.738092,24.2,70.8
2017-07-27 15:27:28.845214,24.3,70.8
2017-07-27 15:32:28.888138,24.2,70.9
2017-07-27 15:37:28.958137,24.3,70.9
2017-07-27 15:42:28.978269,24.3,71.0
2017-07-27 15:47:29.065986,24.3,71.1
2017-07-27 15:52:29.166975,24.3,71.2
2017-07-27 15:57:29.198156,24.3,71.2
2017-07-27 16:02:29.278658,24.3,71.3
2017-07-27 16:07:29.385780,24.3,71.5
2017-07-27 16:12:29.492962,24.3,71.6
2017-07-27 16:17:29.599888,24.3,71.6
2017-07-27 16:22:29.638189,24.3,71.6
2017-07-27 16:27:29.711512,24.3,71.6
2017-07-27 16:32:29.728205,24.3,71.6
2017-07-27 16:37:29.758159,24.3,71.6
2017-07-27 16:42:29.865135,24.3,71.5
2017-07-27 16:47:29.888132,24.3,71.5
2017-07-27 16:52:29.918344,24.3,71.4
2017-07-27 16:57:29.938344,24.3,71.5
2017-07-27 17:02:30.022150,24.3,71.4
2017-07-27 17:07:30.129318,24.3,71.4
2017-07-27 17:12:30.166991,24.3,71.4
2017-07-27 17:17:30.188280,24.3,71.4
2017-07-27 17:22:30.198434,24.3,71.4
2017-07-27 17:27:30.248296,24.3,71.4
2017-07-27 17:32:30.338155,24.3,71.4
2017-07-27 17:37:30.388203,24.3,71.4
2017-07-27 17:42:30.478255,24.4,71.4
2017-07-27 17:47:30.585266,24.3,71.4
2017-07-27 17:52:30.618259,24.3,71.5
2017-07-27 17:57:30.718477,24.3,71.4
2017-07-27 18:02:30.825549,24.3,71.5
2017-07-27 18:07:30.888197,24.3,71.6
2017-07-27 18:12:30.995162,24.4,71.8
2017-07-27 18:17:31.102057,24.4,72.1
2017-07-27 18:22:31.198180,24.4,72.5
2017-07-27 18:27:31.305218,24.4,72.9
2017-07-27 18:32:31.348302,24.4,73.2
2017-07-27 18:37:31.388137,24.4,73.4
2017-07-27 18:42:31.478389,24.4,73.8
2017-07-27 18:47:31.585412,24.4,74.1
2017-07-27 18:52:31.638202,24.5,74.3
2017-07-27 18:57:31.658307,24.5,74.4
2017-07-27 19:02:31.748191,24.5,74.6
2017-07-27 19:07:31.855352,24.5,74.9
2017-07-27 19:12:31.918600,24.5,74.8
2017-07-27 19:17:31.938373,24.5,74.7
2017-07-27 19:22:31.948190,24.5,74.7
2017-07-27 19:27:32.055118,24.5,74.8
2017-07-27 19:32:32.078564,24.5,75.0
2017-07-27 19:37:32.167214,24.5,75.1
2017-07-27 19:42:32.268630,24.6,75.3
2017-07-27 19:47:32.318208,24.6,75.6
2017-07-27 19:52:32.388124,24.6,75.8
2017-07-27 19:57:32.458281,24.6,76.0
2017-07-27 20:02:32.548297,24.6,76.1
2017-07-27 20:07:32.588276,24.7,76.0
2017-07-27 20:12:32.638205,24.7,76.0
2017-07-27 20:17:32.745632,24.6,76.0
2017-07-27 20:22:32.848661,24.7,76.1
2017-07-27 20:27:32.888321,24.8,75.9
2017-07-27 20:32:32.923361,24.8,76.0
2017-07-27 20:37:33.030256,24.8,76.3
2017-07-27 20:42:33.038284,24.9,76.6
2017-07-27 20:47:33.118155,24.9,76.9
2017-07-27 20:52:33.166961,24.9,77.2
2017-07-27 20:57:33.274034,24.9,77.6
2017-07-27 21:02:33.381007,25.0,78.0
2017-07-27 21:07:33.388225,25.0,78.0
2017-07-27 21:12:33.495236,25.0,78.1
2017-07-27 21:17:33.598241,25.0,78.1
2017-07-27 21:22:33.638138,25.0,78.0
2017-07-27 21:27:33.745145,24.9,78.0
2017-07-27 21:32:33.818613,25.0,77.8
2017-07-27 21:37:33.868318,24.9,77.6
2017-07-27 21:42:33.968936,24.9,77.3
2017-07-27 21:47:34.070692,25.0,77.1
2017-07-27 21:52:34.188825,25.1,76.8
2017-07-27 21:57:34.299362,25.2,76.5
2017-07-27 22:02:34.398616,25.2,76.2
2017-07-27 22:07:34.498969,25.3,76.0
2017-07-27 22:12:34.598789,25.4,75.7
2017-07-27 22:17:34.698589,25.3,75.3
2017-07-27 22:22:34.798492,25.4,75.1
2017-07-27 22:27:34.898432,25.4,74.9
2017-07-27 22:32:34.998710,25.4,74.7
2017-07-27 22:37:35.098471,25.3,74.6
2017-07-27 22:42:35.198506,25.3,74.7
2017-07-27 22:47:35.298457,25.3,74.7
2017-07-27 22:52:35.398459,25.3,74.6
2017-07-27 22:57:35.500184,25.4,74.5
2017-07-27 23:02:35.598963,25.4,74.3
2017-07-27 23:07:35.698446,25.4,73.9
2017-07-27 23:12:35.808433,25.4,73.6
2017-07-27 23:17:35.910039,25.4,73.3
2017-07-27 23:22:36.018385,25.4,72.9
2017-07-27 23:27:36.118561,25.4,72.6
2017-07-27 23:32:36.218608,25.4,72.4
2017-07-27 23:37:36.308234,25.3,72.1
2017-07-27 23:42:36.388230,25.4,71.8
2017-07-27 23:47:36.495249,25.4,71.5
2017-07-27 23:52:36.588301,25.3,71.3
2017-07-27 23:57:36.628139,25.3,71.2
2017-07-28 00:02:36.638809,25.4,71.0
2017-07-28 00:07:36.658195,25.4,71.0
2017-07-28 00:12:36.765159,25.3,70.9
2017-07-28 00:17:36.837356,25.3,70.8
2017-07-28 00:22:37.610250,25.2,70.9
2017-07-28 00:27:37.638232,25.2,71.0
2017-07-28 00:32:37.708264,25.2,71.1
2017-07-28 00:37:37.738287,25.1,71.2
2017-07-28 00:42:37.838241,25.1,71.4
2017-07-28 00:47:37.888184,25.1,71.6
2017-07-28 00:52:37.918228,25.1,71.6
2017-07-28 00:57:38.008411,25.1,71.6
2017-07-28 01:02:38.018203,25.1,71.6
2017-07-28 01:07:38.108261,25.1,71.5
2017-07-28 01:12:38.198247,25.0,71.4
2017-07-28 01:17:38.305192,25.0,71.3
2017-07-28 01:22:38.388093,25.0,71.3
2017-07-28 01:27:38.488242,25.0,71.2
2017-07-28 01:32:38.588228,25.0,71.1
2017-07-28 01:37:38.638178,24.9,71.1
2017-07-28 01:42:38.745192,24.9,71.1
2017-07-28 01:47:38.782745,24.9,71.1
2017-07-28 01:52:38.888240,24.9,71.1
2017-07-28 01:57:38.928107,25.0,70.9
2017-07-28 02:02:38.998365,25.0,70.8
2017-07-28 02:07:39.038322,25.0,70.7
2017-07-28 02:12:39.078323,25.0,70.4
2017-07-28 02:17:39.771708,25.0,70.3
2017-07-28 02:22:39.808201,25.0,70.2
2017-07-28 02:27:39.888168,24.9,70.1
2017-07-28 02:32:39.908202,25.0,70.0
2017-07-28 02:37:39.998227,25.0,69.9
2017-07-28 02:42:40.088256,25.0,69.9
2017-07-28 02:47:40.178190,24.9,69.8
2017-07-28 02:52:40.268139,24.9,69.7
2017-07-28 02:57:40.368251,24.9,69.6
2017-07-28 03:02:40.388211,24.9,69.5
2017-07-28 03:07:40.478099,24.8,69.6
2017-07-28 03:12:40.585173,24.7,69.7
2017-07-28 03:17:40.638208,24.7,69.8
2017-07-28 03:22:41.348085,24.7,70.0
2017-07-28 03:27:41.438292,24.6,70.0
2017-07-28 03:32:41.528249,24.6,70.1
2017-07-28 03:37:41.635160,24.6,70.1
2017-07-28 03:42:41.738290,24.6,70.0
2017-07-28 03:47:41.758280,24.6,70.0
2017-07-28 03:52:41.778241,24.7,69.9
2017-07-28 03:57:41.868303,24.6,69.9
2017-07-28 04:02:41.888190,24.5,69.8
2017-07-28 04:07:41.918257,24.5,69.7
2017-07-28 04:12:42.025226,24.5,69.6
2017-07-28 04:17:42.078220,24.5,69.5
2017-07-28 04:22:42.166958,24.5,69.5
2017-07-28 04:27:42.274199,24.5,69.4
2017-07-28 04:32:42.381178,24.5,69.4
2017-07-28 04:37:42.488291,24.5,69.3
2017-07-28 04:42:42.595398,24.4,69.3
2017-07-28 04:47:42.679407,24.4,69.3
2017-07-28 04:52:42.786448,24.5,69.2
2017-07-28 04:57:42.828418,24.4,69.2
2017-07-28 05:02:42.878180,24.4,69.2
2017-07-28 05:07:42.888252,24.4,69.1
2017-07-28 05:12:42.995254,24.4,69.0
2017-07-28 05:17:43.102148,24.4,69.0
2017-07-28 05:22:43.167187,24.4,69.0
2017-07-28 05:27:43.274192,24.3,68.9
2017-07-28 05:32:43.318389,24.3,68.8
2017-07-28 05:37:43.368142,24.3,68.8
2017-07-28 05:42:43.388203,24.3,68.8
2017-07-28 05:47:43.495239,24.3,68.7
2017-07-28 05:52:43.602301,24.3,68.6
2017-07-28 05:57:43.638105,24.3,68.6
2017-07-28 06:02:43.745359,24.2,68.6
2017-07-28 06:07:43.852223,24.2,68.5
2017-07-28 06:12:43.888169,24.3,68.5
2017-07-28 06:17:43.918107,24.3,68.4
2017-07-28 06:22:43.978297,24.2,68.4
2017-07-28 06:27:44.078188,24.2,68.4
2017-07-28 06:32:44.185377,24.2,68.3
2017-07-28 06:37:44.238498,24.2,68.4
2017-07-28 06:42:44.345524,24.1,68.4
2017-07-28 06:47:44.388218,24.3,68.3
2017-07-28 06:52:44.398134,24.4,68.2
2017-07-28 06:57:44.418233,24.4,68.1
2017-07-28 07:02:44.508245,24.4,68.1
2017-07-28 07:07:44.558113,24.5,68.1
2017-07-28 07:12:44.638284,24.6,68.4
2017-07-28 07:17:44.745375,24.6,69.6
2017-07-28 07:22:44.798272,24.7,70.8
2017-07-28 07:27:44.828175,24.8,71.1
2017-07-28 07:32:44.888158,24.8,71.5
2017-07-28 07:37:44.958164,24.9,72.0
2017-07-28 07:42:45.065189,24.9,72.2
2017-07-28 07:47:45.166974,24.9,72.5
2017-07-28 07:52:45.274295,24.9,72.5
2017-07-28 07:57:45.348374,24.9,72.6
2017-07-28 08:02:45.388279,25.0,72.7
2017-07-28 08:07:45.408271,24.9,72.9
2017-07-28 08:12:45.515170,24.9,73.0
2017-07-28 08:17:45.618296,25.0,73.2
2017-07-28 08:22:45.638207,24.9,73.6
2017-07-28 08:27:45.738572,24.9,73.8
2017-07-28 08:32:45.758299,24.9,74.2
2017-07-28 08:37:45.865335,24.9,74.5
2017-07-28 08:42:45.878187,24.9,74.9
2017-07-28 08:47:45.888078,24.9,75.2
2017-07-28 08:52:45.918245,24.9,75.2
2017-07-28 08:57:46.025206,24.9,75.2
2017-07-28 09:02:46.132123,24.9,75.0
2017-07-28 09:07:46.167033,25.0,74.9
2017-07-28 09:12:46.208591,25.0,74.7
2017-07-28 09:17:46.298576,24.9,74.4
2017-07-28 09:22:46.328711,25.1,74.2
2017-07-28 09:27:46.388763,25.2,73.6
2017-07-28 09:32:46.421094,25.2,72.6
2017-07-28 09:37:46.448468,25.2,71.8
2017-07-28 09:42:46.555723,25.4,70.3
2017-07-28 09:47:46.638388,25.4,70.1
2017-07-28 09:52:46.745692,25.2,69.9
2017-07-28 09:57:46.788239,25.3,69.5
2017-07-28 10:02:46.888235,25.3,69.4
2017-07-28 10:07:46.918350,25.5,69.0
2017-07-28 10:12:46.958276,25.4,68.8
2017-07-28 10:17:46.978559,25.2,68.8
2017-07-28 10:22:47.079233,25.3,68.7
2017-07-28 10:27:47.188512,25.4,68.4
2017-07-28 10:32:47.295382,25.3,68.2
2017-07-28 10:37:47.398867,25.6,68.2
2017-07-28 10:42:47.500866,25.8,68.1
2017-07-28 10:47:48.728507,26.0,67.5
2017-07-28 10:52:48.829098,26.2,67.1
2017-07-28 10:57:48.929198,26.2,66.7
2017-07-28 11:02:49.028385,26.2,66.2
2017-07-28 11:07:49.128503,26.4,65.8
2017-07-28 11:12:49.228446,26.3,65.5
2017-07-28 11:17:49.328564,26.2,65.4
2017-07-28 11:22:49.418649,26.0,65.5
2017-07-28 11:27:49.526008,25.9,65.6
2017-07-28 11:32:49.633432,25.8,65.9
2017-07-28 11:37:49.678409,25.7,66.7
2017-07-28 11:42:49.758763,25.7,67.2
2017-07-28 11:47:49.858749,25.8,67.5
2017-07-28 11:52:49.888467,25.8,67.7
2017-07-28 11:57:49.952185,25.7,67.9
2017-07-28 12:02:50.059758,26.0,67.8
2017-07-28 12:07:50.166962,25.9,67.6
2017-07-28 12:12:50.273942,26.0,67.4
2017-07-28 12:17:50.288568,25.9,67.3
2017-07-28 12:22:50.388154,26.0,67.1
2017-07-28 12:27:50.468757,26.1,66.9
2017-07-28 12:32:50.575678,26.0,67.0
2017-07-28 12:37:50.638267,26.0,66.8
2017-07-28 12:42:50.718194,26.0,67.1
2017-07-28 12:47:50.825200,26.0,67.0
2017-07-28 12:52:50.888182,26.0,67.1
2017-07-28 12:57:50.958144,26.0,67.4
2017-07-28 13:02:51.038171,26.0,67.6
2017-07-28 13:07:51.128278,26.1,67.7
2017-07-28 13:12:51.166997,26.1,67.7
2017-07-28 13:17:51.257202,26.0,67.7
2017-07-28 13:22:51.364341,26.4,66.2
2017-07-28 13:27:51.388185,26.2,66.2
2017-07-28 13:32:51.474851,26.4,65.7
2017-07-28 13:37:51.581786,26.3,65.5
2017-07-28 13:42:51.598272,26.4,65.3
2017-07-28 13:47:51.638304,26.4,65.6
2017-07-28 13:52:51.745382,26.4,64.9
2017-07-28 13:57:51.852241,26.6,64.9
2017-07-28 14:02:51.888203,26.6,64.2
2017-07-28 14:07:51.995406,26.6,63.9
2017-07-28 14:12:52.102339,26.5,63.8
2017-07-28 14:17:52.166919,26.5,63.8
2017-07-28 14:22:52.274075,26.5,64.3
2017-07-28 14:27:52.331731,26.6,64.3
2017-07-28 14:32:52.388114,26.6,64.7
2017-07-28 14:37:52.478169,26.6,65.1
2017-07-28 14:42:52.585411,26.9,63.9
2017-07-28 14:47:52.638213,26.7,64.0
2017-07-28 14:52:52.745131,26.8,63.6
2017-07-28 14:57:52.852142,26.9,63.0
2017-07-28 15:02:52.888195,26.9,62.4
2017-07-28 15:07:52.988361,26.8,62.4
2017-07-28 15:12:53.095349,26.8,62.1
2017-07-28 15:17:53.166886,26.9,62.2
2017-07-28 15:22:53.273994,26.9,62.3
2017-07-28 15:27:53.381001,26.9,62.3
2017-07-28 15:32:53.388225,27.0,62.2
2017-07-28 15:37:53.495289,27.0,62.2
2017-07-28 15:42:53.518239,26.9,62.4
2017-07-28 15:47:53.625194,27.0,61.6
2017-07-28 15:52:53.638104,27.0,61.9
2017-07-28 15:57:53.745220,27.1,62.2
2017-07-28 16:02:53.852179,27.1,62.2
2017-07-28 16:07:53.888204,27.1,61.1
2017-07-28 16:12:53.995189,27.2,61.0
2017-07-28 16:17:54.102188,27.2,59.8
2017-07-28 16:22:54.166928,27.2,59.7
2017-07-28 16:27:54.238226,27.1,59.8
2017-07-28 16:32:54.318288,27.1,60.5
2017-07-28 16:37:54.388335,27.0,61.1
2017-07-28 16:42:54.495361,27.1,61.1
2017-07-28 16:47:54.602335,27.1,61.7
2017-07-28 16:52:54.638219,27.0,62.2
2017-07-28 16:57:54.745260,27.1,62.4
2017-07-28 17:02:54.852262,27.1,62.4
2017-07-28 17:07:54.888118,27.1,59.3
2017-07-28 17:12:54.958298,27.2,59.7
2017-07-28 17:17:55.038165,27.1,59.8
2017-07-28 17:22:55.138158,27.1,61.0
2017-07-28 17:27:55.166907,27.0,61.8
2017-07-28 17:32:55.179218,27.0,62.3
2017-07-28 17:37:55.286332,26.9,63.5
2017-07-28 17:42:55.388228,26.9,63.2
2017-07-28 17:47:55.495187,26.8,63.4
2017-07-28 17:52:55.602150,26.8,63.6
2017-07-28 17:57:55.638265,26.8,63.8
2017-07-28 18:02:55.745329,26.7,65.1
2017-07-28 18:07:55.852533,26.8,65.3
2017-07-28 18:12:55.888245,26.8,65.7
2017-07-28 18:17:55.995390,26.8,65.5
2017-07-28 18:22:56.078175,26.8,65.6
2017-07-28 18:27:56.185687,26.7,65.8
2017-07-28 18:32:56.292839,26.7,65.9
2017-07-28 18:37:56.358272,26.7,66.1
2017-07-28 18:42:56.388269,26.6,66.0
2017-07-28 18:47:56.495329,26.6,67.1
2017-07-28 18:52:56.558180,26.6,67.2
2017-07-28 18:57:56.638203,26.5,67.3
2017-07-28 19:02:56.718229,26.4,67.4
2017-07-28 19:07:56.768407,26.3,67.5
2017-07-28 19:12:56.800431,26.4,67.6
2017-07-28 19:17:56.888110,26.3,67.5
2017-07-28 19:22:56.995145,26.0,67.5
2017-07-28 19:27:57.102169,26.2,67.7
2017-07-28 19:32:57.166955,26.3,67.8
2017-07-28 19:37:57.248341,26.3,68.2
2017-07-28 19:42:57.336231,26.2,68.6
2017-07-28 19:47:57.358634,26.3,68.7
2017-07-28 19:52:57.456059,26.3,69.0
2017-07-28 19:57:57.468294,26.4,67.7
2017-07-28 20:02:57.575363,26.4,63.9
2017-07-28 20:07:57.673771,26.4,63.1
2017-07-28 20:12:57.780812,26.4,61.5
2017-07-28 20:17:57.888024,26.3,60.8
2017-07-28 20:22:57.958269,26.3,59.8
2017-07-28 20:27:57.998320,26.2,59.0
2017-07-28 20:32:58.105396,26.2,58.3
2017-07-28 20:37:58.166884,26.1,57.9
2017-07-28 20:42:58.274130,26.1,57.3
2017-07-28 20:47:58.381159,26.0,56.8
2017-07-28 20:52:58.433698,26.0,56.1
2017-07-28 20:57:58.458236,25.9,55.6
2017-07-28 21:02:58.565267,25.8,55.3
2017-07-28 21:07:58.638160,25.7,55.0
2017-07-28 21:12:58.745130,25.7,54.6
2017-07-28 21:17:58.852134,25.6,54.3
2017-07-28 21:22:58.888219,25.6,54.3
2017-07-28 21:27:58.958248,25.5,54.5
2017-07-28 21:32:58.998328,25.5,56.5
2017-07-28 21:37:59.105466,25.5,57.7
2017-07-28 21:42:59.167031,25.5,58.6
2017-07-28 21:47:59.274091,25.5,59.3
2017-07-28 21:52:59.358219,25.5,59.7
2017-07-28 21:57:59.388084,25.4,60.2
2017-07-28 22:02:59.495112,25.4,60.5
2017-07-28 22:07:59.518497,25.4,61.0
2017-07-28 22:12:59.625509,25.4,61.3
2017-07-28 22:17:59.638231,25.4,61.6
2017-07-28 22:22:59.745215,25.4,61.6
2017-07-28 22:27:59.758244,25.4,62.1
2017-07-28 22:32:59.865252,25.4,62.5
2017-07-28 22:37:59.888100,25.4,62.9
2017-07-28 22:42:59.995276,25.4,63.3
2017-07-28 22:48:00.069427,25.5,63.7
2017-07-28 22:53:00.166938,25.5,64.0
2017-07-28 22:58:00.273996,25.5,64.1
2017-07-28 23:03:00.378406,25.6,64.1
2017-07-28 23:08:00.479535,25.6,63.9
2017-07-28 23:13:00.586845,25.6,63.7
2017-07-28 23:18:00.638166,25.7,63.4
2017-07-28 23:23:00.658365,25.7,63.4
2017-07-28 23:28:00.730554,25.6,63.5
2017-07-28 23:33:00.798190,25.6,63.8
2017-07-28 23:38:00.888185,25.6,64.2
2017-07-28 23:43:00.958237,25.6,64.7
2017-07-28 23:48:01.058356,25.6,65.3
2017-07-28 23:53:01.143478,25.5,65.8
2017-07-28 23:58:01.166938,25.5,66.0
2017-07-29 00:03:01.274016,25.6,66.2
2017-07-29 00:08:01.358161,25.5,66.3
2017-07-29 00:13:01.388203,25.5,66.2
2017-07-29 00:18:01.438269,25.5,66.2
2017-07-29 00:23:01.545335,25.4,66.1
2017-07-29 00:28:01.638316,25.4,66.0
2017-07-29 00:33:01.708261,25.4,65.8
2017-07-29 00:38:01.815362,25.4,65.7
2017-07-29 00:43:01.888295,25.4,65.6
2017-07-29 00:48:01.995296,25.4,65.5
2017-07-29 00:53:02.102166,25.4,65.3
2017-07-29 00:58:02.209436,25.4,65.3
2017-07-29 01:03:02.238849,25.4,65.2
2017-07-29 01:08:02.318352,25.4,65.1
2017-07-29 01:13:02.388101,25.4,65.0
2017-07-29 01:18:02.495251,25.3,64.8
2017-07-29 01:23:02.558184,25.3,64.8
2017-07-29 01:28:02.638104,25.3,64.7
2017-07-29 01:33:02.745137,25.3,64.6
2017-07-29 01:38:02.798264,25.3,64.5
2017-07-29 01:43:02.888176,25.2,64.4
2017-07-29 01:48:02.995264,25.2,64.4
2017-07-29 01:53:03.102295,25.2,64.3
2017-07-29 01:58:03.209478,25.2,64.2
2017-07-29 02:03:03.316508,25.2,64.1
2017-07-29 02:08:03.388211,25.2,64.1
2017-07-29 02:13:03.488256,25.2,64.0
2017-07-29 02:18:03.595539,25.2,64.0
2017-07-29 02:23:03.638139,25.1,63.9
2017-07-29 02:28:03.745165,25.1,63.9
2017-07-29 02:33:03.852226,25.1,63.8
2017-07-29 02:38:03.888166,25.0,63.7
2017-07-29 02:43:03.995158,25.0,63.6
2017-07-29 02:48:04.102178,25.0,63.4
2017-07-29 02:53:04.166950,25.0,63.3
2017-07-29 02:58:04.274040,25.0,63.2
2017-07-29 03:03:04.368302,24.9,63.1
2017-07-29 03:08:04.388195,24.9,63.0
2017-07-29 03:13:04.495163,24.9,62.8
2017-07-29 03:18:04.558172,24.9,62.8
2017-07-29 03:23:04.638176,24.9,62.8
2017-07-29 03:28:04.745248,24.9,62.8
2017-07-29 03:33:04.848334,24.8,62.7
2017-07-29 03:38:04.868290,24.8,62.7
2017-07-29 03:43:04.898552,24.8,62.6
2017-07-29 03:48:05.005595,24.8,62.6
2017-07-29 03:53:05.114201,24.8,62.6
2017-07-29 03:58:05.166921,24.8,62.6
2017-07-29 04:03:05.274087,24.7,62.8
2017-07-29 04:08:05.301750,24.8,62.9
2017-07-29 04:13:05.358265,24.7,63.0
2017-07-29 04:18:05.388194,24.7,63.1
2017-07-29 04:23:05.488495,24.7,63.2
2017-07-29 04:28:05.595498,24.7,63.3
2017-07-29 04:33:05.658757,24.7,63.4
2017-07-29 04:38:05.765948,24.6,63.4
2017-07-29 04:43:05.798269,24.6,63.4
2017-07-29 04:48:05.888242,24.6,63.5
2017-07-29 04:53:05.918394,24.6,63.5
2017-07-29 04:58:06.025547,24.6,63.5
2017-07-29 05:03:06.132721,24.6,63.5
2017-07-29 05:08:06.218323,24.6,63.4
2017-07-29 05:13:06.325312,24.6,63.4
2017-07-29 05:18:06.388183,24.6,63.3
2017-07-29 05:23:06.495266,24.6,63.3
2017-07-29 05:28:06.597093,24.6,63.2
2017-07-29 05:33:06.638103,24.5,63.1
2017-07-29 05:38:06.745208,24.5,62.9
2017-07-29 05:43:06.852243,24.5,62.8
2017-07-29 05:48:06.924896,24.4,62.7
2017-07-29 05:53:06.958199,24.4,62.7
2017-07-29 05:58:07.018337,24.4,62.6
2017-07-29 06:03:07.118050,24.4,62.5
2017-07-29 06:08:07.166885,24.4,62.6
2017-07-29 06:13:07.274409,24.4,62.6
2017-07-29 06:18:07.381536,24.3,62.5
2017-07-29 06:23:07.438235,24.2,62.5
2017-07-29 06:28:07.545302,24.3,62.4
2017-07-29 06:33:07.598747,24.2,62.4
2017-07-29 06:38:07.638180,24.2,62.4
2017-07-29 06:43:07.745132,24.2,62.3
2017-07-29 06:48:07.852222,24.2,62.3
2017-07-29 06:53:07.888119,24.2,62.3
2017-07-29 06:58:07.918251,24.2,62.3
2017-07-29 07:03:08.025282,24.2,62.3
2017-07-29 07:08:08.068321,24.1,62.3
2017-07-29 07:13:08.166910,24.1,62.3
2017-07-29 07:18:08.274085,24.1,62.3
2017-07-29 07:23:08.381096,24.1,62.2
2017-07-29 07:28:08.388218,24.1,62.2
2017-07-29 07:33:08.478666,24.1,62.2
2017-07-29 07:38:08.585766,24.1,62.2
2017-07-29 07:43:08.638231,24.1,62.2
2017-07-29 07:48:08.745297,24.1,62.2
2017-07-29 07:53:08.852261,24.0,62.2
2017-07-29 07:58:08.888118,24.0,62.3
2017-07-29 08:03:08.958131,24.1,62.3
2017-07-29 08:08:09.065292,24.0,62.4
2017-07-29 08:13:09.166867,24.0,62.6
2017-07-29 08:18:09.274023,24.1,62.7
2017-07-29 08:23:09.381069,24.1,63.0
2017-07-29 08:28:09.468299,24.2,63.2
2017-07-29 08:33:09.575367,24.1,63.3
2017-07-29 08:38:09.638140,24.1,63.4
2017-07-29 08:43:09.745207,24.1,63.5
2017-07-29 08:48:09.798241,24.1,63.5
2017-07-29 08:53:09.838702,24.1,63.5
2017-07-29 08:58:09.888072,24.1,63.5
2017-07-29 09:03:09.948300,24.1,63.5
2017-07-29 09:08:10.012892,24.0,63.5
2017-07-29 09:13:10.119952,24.1,63.5
2017-07-29 09:18:10.167188,24.1,63.5
2017-07-29 09:23:10.234000,24.1,63.4
2017-07-29 09:28:10.340838,24.1,63.4
2017-07-29 09:33:10.388172,24.1,63.3
2017-07-29 09:38:10.398314,24.0,63.3
2017-07-29 09:43:10.423155,24.1,63.2
2017-07-29 09:48:10.478128,24.0,63.1
2017-07-29 09:53:10.585158,24.0,63.2
2017-07-29 09:58:10.649221,24.1,63.4
2017-07-29 10:03:10.718328,24.1,63.6
2017-07-29 10:08:10.798198,24.1,63.7
2017-07-29 10:13:10.858424,24.0,63.9
2017-07-29 10:18:10.888171,24.0,64.1
2017-07-29 10:23:10.952624,24.0,64.1
2017-07-29 10:28:11.059640,24.1,64.1
2017-07-29 10:33:11.138177,24.1,64.2
2017-07-29 10:38:11.198271,24.1,64.2
2017-07-29 10:43:11.276356,24.1,64.2
2017-07-29 10:48:11.358122,24.1,64.2
2017-07-29 10:53:11.368376,24.1,64.2
2017-07-29 10:58:11.474817,24.1,64.2
2017-07-29 11:03:11.581853,24.1,64.2
2017-07-29 11:08:11.638265,24.1,64.1
2017-07-29 11:13:11.745198,24.1,64.1
2017-07-29 11:18:11.838210,24.1,64.0
2017-07-29 11:23:11.932848,24.1,63.8
2017-07-29 11:28:12.018290,24.1,63.5
2017-07-29 11:33:12.125441,24.1,63.2
2017-07-29 11:38:12.188359,24.1,63.0
2017-07-29 11:43:12.258128,24.1,62.8
2017-07-29 11:48:12.365325,24.1,62.7
2017-07-29 11:53:12.388195,24.0,62.6
2017-07-29 11:58:12.495279,24.0,62.4
2017-07-29 12:03:12.586219,24.0,62.4
2017-07-29 12:08:12.638194,24.1,62.3
2017-07-29 12:13:13.388252,24.0,62.2
2017-07-29 12:18:13.398248,24.1,62.2
2017-07-29 12:23:13.505222,24.1,62.2
2017-07-29 12:28:13.518199,24.1,62.3
2017-07-29 12:33:13.579060,24.1,62.5
2017-07-29 12:38:13.598136,24.2,63.6
2017-07-29 12:43:13.628943,24.2,63.8
2017-07-29 12:48:13.638218,24.2,64.0
2017-07-29 12:53:13.728340,24.2,64.2
2017-07-29 12:58:13.758248,24.3,64.4
2017-07-29 13:03:13.865339,24.3,64.5
2017-07-29 13:08:13.918306,24.3,64.3
2017-07-29 13:13:14.018530,24.3,64.1
2017-07-29 13:18:14.125499,24.4,64.2
2017-07-29 13:23:14.166886,24.3,64.2
2017-07-29 13:28:14.218938,24.4,64.2
2017-07-29 13:33:14.228332,24.4,64.1
2017-07-29 13:38:14.990528,24.3,64.0
2017-07-29 13:43:15.097625,24.4,63.7
2017-07-29 13:48:15.167289,24.3,63.5
2017-07-29 13:53:15.274499,24.4,63.3
2017-07-29 13:58:15.381511,24.4,63.0
2017-07-29 14:03:15.488553,24.3,62.7
2017-07-29 14:08:15.588355,24.4,62.5
2017-07-29 14:13:15.638167,24.4,62.3
2017-07-29 14:18:15.728254,24.4,62.2
2017-07-29 14:23:15.768299,24.4,62.1
2017-07-29 14:28:15.875286,24.4,62.1
2017-07-29 14:33:15.888617,24.4,62.0
2017-07-29 15:19:02.266959,24.4,62.0
